Workbook

Sheet RulesInfo
A1: The ADV REVIVAL Survival Guide | M1: =HYPERLINK("https://www.youtube.com/watch?v=dQw4w9WgXcQ","If an update needs to be made to the sheet, there is something incorrect, or you just want to chat, ping or DM Staff over discord! We don't mind the notifications at all!") -> If an update needs to be made to the sheet, there is something incorrect, or you just want to chat, ping or DM Staff over discord! We don't mind the notifications at all!
A2: TOURNAMENT RULES | G2: Helpful Resources:
A3: 1. Cheaters Get Banned. Forever. | G3: This right side of this info tab will give you more resources on how to play ADV to the fullest and truly get the most out of this game. We really recommend taking a look at them - As the descriptions say, they cover a variety of different topics, often just about anything you could want to know about the game.
A4: 2. Smogon Bans Carry Over.
A5: 3. Do Not Use Alts During Tour Sets.
A7: SCHEDULING FOR DUMMIES | G7: Current, ADV-Specific Resources | M7: These are resources specifically for ADV OU which are both up-to-date and useful in learning the tier. They won't give you info that may be outdated as of the time of this tournament
A8: Phase 1: Find your Pool. This is in the "Registry" tab next to your name. If you still can't see it, check your Discord roles and it should magically appear for you. | G8: =Hyperlink("https://www.smogon.com/forums/threads/adv-ou-teambuilding-strategy-archetypes-and-cores-a-data-driven-approach.3654874/","Vapicuno's Teambuilding Cores") -> Vapicuno's Teambuilding Cores | M8: An intro to some of the most common cores you'll probably see in an average game of ADV
A9: Phase 2: Find Your Opponent. If you go to your discord scheduling thread you will see your matchup The person on the other side of the bracket is your punching bag. | G9: =HYPERLINK("https://www.smogon.com/forums/threads/adv-ou-teambuilding-strategy-archetypes-and-cores-a-data-driven-approach.3654874/#post-8242663", "Vapicuno's Offense Teambuilding Guide") -> Vapicuno's Offense Teambuilding Guide | M9: An addendum to the above, which goes into more advanced detail and all sorts of teambuilding logic
A10: Phase 3: Schedule The Beatdown. This is exactly what it sounds like. You have five(5)days to play your games. Find a time within those five(5)days that works well. | G10: =HYPERLINK("https://www.smogon.com/forums/threads/adv-ou-metagame-discussion.3687814/post-9765205", "DKKoba's Mechanical Differences Sheet") -> DKKoba's Mechanical Differences Sheet | M10: A (somewhat) comprehensive list of all the mechanical differences between ADV and other generations of pokemon you may be used to
A11: Phase 4: Play The Games. Show up at the scheduled time, and make sure to be respectful to your opponent. The winner should save the replays. | G11: =HYPERLINK("https://www.smogon.com/forums/threads/adv-ou-speed-tiers.3659653/","ADV OU Speed Tiers") -> ADV OU Speed Tiers | M11: A list of how fast everything typically is, giving an idea on how much a given pokemon may invest in speed to outrun specific threats
A12: Phase 5: Send The Replays. REPLAYS ARE MANDATORY. If you do not submit a replay, do not blame the survival guide when you are coinflipped. | G12: =HYPERLINK("https://www.smogon.com/rs/articles/magic_stat_numbers", "ADV 'Magic HP' Numbers") -> ADV 'Magic HP' Numbers | M12: Some important numbers to know for teambuilding. If you're using a team that you found from another good player, this will explain the really specific EV spreads used
A13: By adhering to this simple 5-step program, you too can help support Pool Mod Sanity and prevent activity calls! If you become confused with how scheduling works, ask your Pool Mod! Your assigned Pool Mod will be next to your name in the Registry tab. | G13: =HYPERLINK("https://www.smogon.com/rs/articles/adv_threatlist","ADV OU Threatlist") -> ADV OU Threatlist | M13: An intro to all the biggest threats in ADV and what functions they typically serve on a team
G14: =HYPERLINK("https://www.smogon.com/stats/2023-08/gen3ou-1500.txt","August 2023 ADV OU Usage Stats") -> August 2023 ADV OU Usage Stats | M14: An introduction to all the stuff that's particularly popular on the ADV ladder as of August 2023 (note: If you need help making sense of the usage stats just ping/DM GraveBee)
A15: POOL MODS: Pool Mods are the people who verify your games, and they are more than happy to help with any manner of question you may have. WHEN IN DOUBT, ASK THE POOL MOD. | G15: =HYPERLINK("https://docs.google.com/spreadsheets/d/1TI_ZCan_1XHIa9YLjNzoF3Fh9awRvYJ_niBwpsIP1vE/edit#gid=491580161","ADV Beat Up Calculator") -> ADV Beat Up Calculator | M15: ADV has slightly different mechanics with the move Beat Up compared to other generations, and this calculator can help you get the exact amount you'll see in real games
G16: =HYPERLINK("https://docs.google.com/document/d/1wLcPJqQ4I5dmwvbs_GlguZ1SbLh3RcOAIRCnr18A5Ko/edit","ADV Glossary of Terms") -> ADV Glossary of Terms | M16: Do you need to know what the hell people are talking about when it comes to ADV OU? Want to find out what the hell a superachi is, or why we play basketball in a pokemon game? READ THIS.
A18: Rules of Engagement | G18: Universal, but Useful, Current Resources | M18: These resources can encompass a bit more than just ADV, but you'll probably find them useful regardless
A19: These are all the Battle-Specific rules that players are expected to adhere to when showing up to and playing their sets. Failure to adhere to them will constitute a game loss. | G19: =HYPERLINK("https://fulllifegames.com/Tools/ReplayScouter/","Replay Scouter") -> Replay Scouter | M19: This can be used to insert your opponent's replays and see what kinds of sets they used in prior matches.
A20: 1. Standard Smogon Rulesets Apply The usual clauses and ruleset of a [Gen3] OU game are to be used. | G20: =HYPERLINK("https://calc.pokemonshowdown.com/?gen=3","The Damage Calculator") -> The Damage Calculator | M20: It's pretty simple - this thing calculates damage. You can use it to determine if something really kills or is just a chance to kill. Overall, indispensible stuff.
A21: 2. We Play ADV, Not Slot Machines The following bans are in place on top of the standard Smogon ruleset due to their negative effects on a game's competitive integrity: Items: Bright Powder, King's Rock, Lax Incense, Quick Claw, Focus Band Moves: Flash, Kinesis, Sand Attack, Smokescreen, Mud-Slap, Swagger, Flatter, Confuse Ray, Supersonic, Teeter Dance, Attract Pokemon: Ninjask Failure to comply with these additional bans can lead to match loss or disqualification from the tournament. | G21: =HYPERLINK("https://chrome.google.com/webstore/detail/showdex/dabpnahpcemkfbgfbmegmncjllieilai","Showdex") -> Showdex | M21: A Chrome extension which is basically a built-in damage calculator for your Showdown instance. Don't worry, it's perfectly tournament legal.
G22: Community Samples and Team Dumps | M22: We as a community build a ton of teams, and often we build so many that we feel like sharing the secret sauce we've been cookin' up in the kitchen. This is your avenue to find that sauce
G23: =HYPERLINK("https://www.smogon.com/forums/threads/adv-ou-sample-teams-and-team-dumps.3687813/","Smogon Forum Team Dump") -> Smogon Forum Team Dump | M23: The general team dump for ADV OU teams
G24: =HYPERLINK("https://www.smogon.com/forums/threads/set-dump-team-dump-and-previously-general-metagame-discussion.3648620/","Team Dumps and Metagame Discussion Thread") -> Team Dumps and Metagame Discussion Thread | M24: Another forum thread for both team dumping and meta discussion
G25: =HYPERLINK("https://pokepast.es/fafdde1bde1b139b","McMeghan's 2022 Builder") -> McMeghan's 2022 Builder | M25: These are the various sample dumps and teams from some of the better players to touch this game (at least, the more recent dumps people have made). If you just want something you can boot up and get going, look at McMeghan's. M Dragon's and Roro's team dumps both include some analysis on top of that for those of you who enjoy reading material
G26: =HYPERLINK("https://www.smogon.com/forums/threads/set-dump-team-dump-and-previously-general-metagame-discussion.3648620/page-5#post-9400235","M Dragon's 2022 Team Dump") -> M Dragon's 2022 Team Dump
G27: =HYPERLINK("https://www.smogon.com/forums/threads/spl-xiv-teams-reflections-report.3720792/","Roro's SPL Team Dump") -> Roro's SPL Team Dump
G28: =HYPERLINK("https://youtu.be/BkvCZ18ySWE?si=8HZ8n2UhAwv6N3ng","ADV Offense for Beginners") -> ADV Offense for Beginners | M28: Jim Cool explains ADV Offense and teambuilding using some of the most classic, well-used teams in the meta, as well as why you're doing what you're doing beyond just giving teams.
G29: =HYPERLINK("https://www.smogon.com/forums/threads/adv-ou-creative-sets-synergistic-cores-and-concepts.3687815/","ADV Creative Sets Thread") -> ADV Creative Sets Thread | M29: This is the playground where various cool sets can be posted by the community for when you really want to shake things up
G30: Forums for Other Resources/Replays | M30: Want to find tons of chatter about all manner of competitive mons, ADV included? Check out the forums!
G31: =HYPERLINK("https://www.smogon.com/forums/forums/adv/","Ruins of Alph ADV Forums") -> Ruins of Alph ADV Forums | M31: RoA is Smogon's go-to source for anything from gen1 to gen8, including ADV
G32: =HYPERLINK("https://www.pokemonperfect.com/forums/index.php?forums/adv-ou.73/","Pokemon Perfect ADV Forums") -> Pokemon Perfect ADV Forums | M32: An alternative forum to Smogon, Pokemon Perfect is another great place to talk about competitive mons, especially the old gens
G33: =HYPERLINK("https://www.smogon.com/forums/forums/old-gen-metagames-circuits.475/?prefix_id=419","Smogon ADV Tournaments") -> Smogon ADV Tournaments | M33: This is the dedicated place for RoA to post what's going on as far as other ADV tours going on
G34: ADV Community Youtube Channels | M34: If you feel like injecting ADV content into your brain automatically, or just want to support a wider variety of the ADV community, check these out
G35: =HYPERLINK("https://www.youtube.com/@revivaltournaments","Revival Tournaments") -> Revival Tournaments | M35: All the gameplay from this server and more!
G36: =HYPERLINK("https://www.youtube.com/@jimothycool","Jimothy Cool") -> Jimothy Cool | M36: Probably why you are here. Good talk about a variety of formats but has some particularly great videos in terms of the smaller ADV niches which make this meta so deep
G37: =HYPERLINK("https://youtube.com/@vapicuno?feature=shared","Vapicuno") -> Vapicuno | M37: One of the more data-inclined folks in the community, Vapicuno has a bunch of videos of getting to higher points on the ladder with some things you may not expect
G38: =HYPERLINK("https://www.youtube.com/@BKCplaysPokemon","BKC") -> BKC | M38: BKC's channel is a great source of more long-form content that covers a variety of formats. Great place to look for why things make a meta function the way they do
G39: =HYPERLINK("https://www.youtube.com/@thelinearcurveadvanalysis9183","thelinearcurve") -> thelinearcurve | M39: Arguably the best ADVer to ever ADV.
G40: =HYPERLINK("https://www.youtube.com/@CALLOUSNarrates","CALLOUS") -> CALLOUS | M40: An ADV commentator who's hosted the biggest ADV tour of the year for several years, good place to go if you're really into high-level replay analysis / commentary
G41: =HYPERLINK("https://m.youtube.com/channel/UCdYIv_VZo5kZ84_urxznX2Q","Zpanther19") -> Zpanther19 | M41: A newer addition to the ADV scene, Zpanther focuses on both ADV OU and Draft League. Pretty great at explaining things in a way that is practical and simple
G42: =HYPERLINK("https://www.youtube.com/@lrxc3403","LRXC") -> LRXC | M42: Great source of general ADV/Gen3 content, and current 2nd place all time record for Emerald's Battle Factory
G43: Discord Servers | M43: Want to find like-minded folks and be around others who enjoy nerding out about competitive pokemon? You've come to the right place.
G44: =HYPERLINK("https://discord.com/invite/RqttDyFbNW","JimCord") -> JimCord | M44: The discord of Jim Cool, otherwise known as JimCord, is a great place to just chill around and chat about a variety of formats
G45: =HYPERLINK("https://discord.gg/b2m9szk","The Ruins of Alph") -> The Ruins of Alph | M45: The smogon discord dedicated to old generations, RoA hosts a ton of small room tournaments as well as most of the big smogon tours for gens 1-8
G46: =HYPERLINK("https://discord.gg/4yN2GNV","BKC's Past Gens Parthenon") -> BKC's Past Gens Parthenon | M46: BKC cord is a great place for those who want to get into the meat and potatoes of learning old gen metagames inside and out in addition to lounging around
G47: =HYPERLINK("https://discord.gg/2CsWWnan2A","Pokemon Perfect") -> Pokemon Perfect | M47: An alternative to Smogon, Pokemon Perfect hosts tours of its own which makes for another great place for more serious competitive stuff
G48: =HYPERLINK("https://discord.gg/wQuy6DwxG8","Smogon ADV") -> Smogon ADV | M48: Smogon's discord dedicated to anything ADV, be it OU or Doubles or Little Cup or Ubers and everything inbetween
G49: Older, Possibly Outdated Resources | M49: Your mileage may vary, as some of it is a bit outdated, but with the right implementation this stuff can still be really handy
G50: =HYPERLINK("https://pokepast.es/74c9734bdf0272c3","thelinearcurve's ADV Sets") -> thelinearcurve's ADV Sets | M50: Some stuff from what many consider to be the most skilled ADVer to touch the tier, though it is on the older side. This can help give insight into older sets that are still really well built and which used to be the forefront of the metagame
G51: =HYPERLINK("https://pokepast.es/3f07acf85ad4ae84","thelinearcurve's ADV Samples") -> thelinearcurve's ADV Samples
G52: =HYPERLINK("https://www.smogon.com/forums/threads/ruins-of-alph-sample-teams.3650478/#post-8133789","RoA Community Samples") -> RoA Community Samples | M52: The RoA community samples can be quite good but quite dated at times, and it's mostly outdated due to metagame shifts which don't favor these teams as much as they used to
G53: =HYPERLINK("https://www.smogon.com/forums/threads/adv-ou-lead-viability-and-matchup-data.3657601/","Lead Viability Analysis") -> Lead Viability Analysis | M53: The first turn of any given game can be vital to how the rest plays out. This might give some more basic info on how ADV generally makes use of those first couple turns
G54: =HYPERLINK("https://youtu.be/ub-ASW_7c7A?si=Pehp2k9qLqx4YAkH","BKC's ADV Moveset Guide") -> BKC's ADV Moveset Guide | M54: A moveset analysis for what at the time was every relevant ADV mon, good for if you want to get an idea of how various sets can function with one another while keeping their own unique purpose

Sheet Swiss Registry
A1: Seed | B1: Player Name | C1: Record | D1: R1 | E1: R2 | F1: R3 | G1: R4 | H1: R5 | I1: R6 | J1: R7 | K1: R8 | L1: R9 | M1: R10 | N1: ID
A2: 1 | B2: Fakes | C2: =CONCATENATE(COUNTIF(D2:M2,"W") , " - " , COUNTIF(D2:M2, "L")) -> 7 - 2 | D2: =iferror(if(LEFT(VLOOKUP($B2,'Round 1'!$B$2:$H$361,7,false),1)="A","W",if(LEFT(VLOOKUP($B2,'Round 1'!$B$2:$H$361,7,false),1)="B","L","")),if(LEFT(VLOOKUP($B2,'Round 1'!$F$2:$H$361,3,false),1)="b","W",if(LEFT(VLOOKUP($B2,'Round 1'!$F$2:$H$361,3,false),1)="a","L",""))) -> W | E2: =iferror(if(LEFT(VLOOKUP($B2,'Round 2'!$C$2:$J$361,8,false),1)="A","W",if(LEFT(VLOOKUP($B2,'Round 2'!$C$2:$J$361,8,false),1)="B","L","")),if(LEFT(VLOOKUP($B2,'Round 2'!$G$2:$J$361,4,false),1)="b","W",if(LEFT(VLOOKUP($B2,'Round 2'!$G$2:$J$361,4,false),1)="a","L",""))) -> W | F2: =iferror(if(LEFT(VLOOKUP($B2,'Round 3'!$B$2:$H$361,7,false),1)="A","W",if(LEFT(VLOOKUP($B2,'Round 3'!$B$2:$H$361,7,false),1)="B","L","")),if(LEFT(VLOOKUP($B2,'Round 3'!$F$2:$H$361,3,false),1)="b","W",if(LEFT(VLOOKUP($B2,'Round 3'!$F$2:$H$361,3,false),1)="a","L",""))) -> W | G2: =iferror(if(LEFT(VLOOKUP($B2,'Round 4'!$B$2:$H$361,7,false),1)="A","W",if(LEFT(VLOOKUP($B2,'Round 4'!$B$2:$H$361,7,false),1)="B","L","")),if(LEFT(VLOOKUP($B2,'Round 4'!$F$2:$H$361,3,false),1)="b","W",if(LEFT(VLOOKUP($B2,'Round 4'!$F$2:$H$361,3,false),1)="a","L",""))) -> W | H2: =iferror(if(LEFT(VLOOKUP($B2,'Round 5'!$B$2:$H$361,7,false),1)="A","W",if(LEFT(VLOOKUP($B2,'Round 5'!$B$2:$H$361,7,false),1)="B","L","")),if(LEFT(VLOOKUP($B2,'Round 5'!$F$2:$H$361,3,false),1)="b","W",if(LEFT(VLOOKUP($B2,'Round 5'!$F$2:$H$361,3,false),1)="a","L",""))) -> W | I2: =iferror(if(LEFT(VLOOKUP($B2,'Round 6'!$B$2:$H$361,7,false),1)="A","W",if(LEFT(VLOOKUP($B2,'Round 6'!$B$2:$H$361,7,false),1)="B","L","")),if(LEFT(VLOOKUP($B2,'Round 6'!$F$2:$H$361,3,false),1)="b","W",if(LEFT(VLOOKUP($B2,'Round 6'!$F$2:$H$361,3,false),1)="a","L",""))) -> W | J2: =iferror(iferror(if(LEFT(VLOOKUP($B2,'Round 7'!$B$2:$H$361,7,false),1)="A","W",if(LEFT(VLOOKUP($B2,'Round 7'!$B$2:$H$361,7,false),1)="B","L","")),if(LEFT(VLOOKUP($B2,'Round 7'!$F$2:$H$361,3,false),1)="b","W",if(LEFT(VLOOKUP($B2,'Round 7'!$F$2:$H$361,3,false),1)="a","L",""))),"") -> W | K2: =iferror(iferror(if(LEFT(VLOOKUP($B2,'Round 8'!$B$2:$H$361,7,false),1)="A","W",if(LEFT(VLOOKUP($B2,'Round 8'!$B$2:$H$361,7,false),1)="B","L","")),if(LEFT(VLOOKUP($B2,'Round 8'!$F$2:$H$361,3,false),1)="b","W",if(LEFT(VLOOKUP($B2,'Round 8'!$F$2:$H$361,3,false),1)="a","L",""))),"") -> L | L2: =iferror(iferror(if(LEFT(VLOOKUP($B2,'Round 9'!$B$2:$H$361,7,false),1)="A","W",if(LEFT(VLOOKUP($B2,'Round 9'!$B$2:$H$361,7,false),1)="B","L","")),if(LEFT(VLOOKUP($B2,'Round 9'!$F$2:$H$361,3,false),1)="b","W",if(LEFT(VLOOKUP($B2,'Round 9'!$F$2:$H$361,3,false),1)="a","L",""))),"") -> L | M2: =iferror(iferror(if(LEFT(VLOOKUP($B2,'Round 10'!$B$2:$H$362,7,false),1)="A","W",if(LEFT(VLOOKUP($B2,'Round 10'!$B$2:$H$362,7,false),1)="B","L","")),if(LEFT(VLOOKUP($B2,'Round 10'!$F$2:$H$362,3,false),1)="b","W",if(LEFT(VLOOKUP($B2,'Round 10'!$F$2:$H$362,3,false),1)="a","L",""))),"") | N2: 917864414269550693
A3: 2 | B3: Altina | C3: =CONCATENATE(COUNTIF(D3:M3,"W") , " - " , COUNTIF(D3:M3, "L")) -> 2 - 3 | D3: =iferror(if(LEFT(VLOOKUP($B3,'Round 1'!$B$2:$H$361,7,false),1)="A","W",if(LEFT(VLOOKUP($B3,'Round 1'!$B$2:$H$361,7,false),1)="B","L","")),if(LEFT(VLOOKUP($B3,'Round 1'!$F$2:$H$361,3,false),1)="b","W",if(LEFT(VLOOKUP($B3,'Round 1'!$F$2:$H$361,3,false),1)="a","L",""))) -> L | E3: =iferror(if(LEFT(VLOOKUP($B3,'Round 2'!$C$2:$J$361,8,false),1)="A","W",if(LEFT(VLOOKUP($B3,'Round 2'!$C$2:$J$361,8,false),1)="B","L","")),if(LEFT(VLOOKUP($B3,'Round 2'!$G$2:$J$361,4,false),1)="b","W",if(LEFT(VLOOKUP($B3,'Round 2'!$G$2:$J$361,4,false),1)="a","L",""))) -> L | F3: =iferror(if(LEFT(VLOOKUP($B3,'Round 3'!$B$2:$H$361,7,false),1)="A","W",if(LEFT(VLOOKUP($B3,'Round 3'!$B$2:$H$361,7,false),1)="B","L","")),if(LEFT(VLOOKUP($B3,'Round 3'!$F$2:$H$361,3,false),1)="b","W",if(LEFT(VLOOKUP($B3,'Round 3'!$F$2:$H$361,3,false),1)="a","L",""))) -> W | G3: =iferror(if(LEFT(VLOOKUP($B3,'Round 4'!$B$2:$H$361,7,false),1)="A","W",if(LEFT(VLOOKUP($B3,'Round 4'!$B$2:$H$361,7,false),1)="B","L","")),if(LEFT(VLOOKUP($B3,'Round 4'!$F$2:$H$361,3,false),1)="b","W",if(LEFT(VLOOKUP($B3,'Round 4'!$F$2:$H$361,3,false),1)="a","L",""))) -> W | H3: =iferror(if(LEFT(VLOOKUP($B3,'Round 5'!$B$2:$H$361,7,false),1)="A","W",if(LEFT(VLOOKUP($B3,'Round 5'!$B$2:$H$361,7,false),1)="B","L","")),if(LEFT(VLOOKUP($B3,'Round 5'!$F$2:$H$361,3,false),1)="b","W",if(LEFT(VLOOKUP($B3,'Round 5'!$F$2:$H$361,3,false),1)="a","L",""))) -> L | J3: =iferror(iferror(if(LEFT(VLOOKUP($B3,'Round 7'!$B$2:$H$361,7,false),1)="A","W",if(LEFT(VLOOKUP($B3,'Round 7'!$B$2:$H$361,7,false),1)="B","L","")),if(LEFT(VLOOKUP($B3,'Round 7'!$F$2:$H$361,3,false),1)="b","W",if(LEFT(VLOOKUP($B3,'Round 7'!$F$2:$H$361,3,false),1)="a","L",""))),"") | K3: =iferror(iferror(if(LEFT(VLOOKUP($B3,'Round 8'!$B$2:$H$361,7,false),1)="A","W",if(LEFT(VLOOKUP($B3,'Round 8'!$B$2:$H$361,7,false),1)="B","L","")),if(LEFT(VLOOKUP($B3,'Round 8'!$F$2:$H$361,3,false),1)="b","W",if(LEFT(VLOOKUP($B3,'Round 8'!$F$2:$H$361,3,false),1)="a","L",""))),"") | L3: =iferror(iferror(if(LEFT(VLOOKUP($B3,'Round 9'!$B$2:$H$361,7,false),1)="A","W",if(LEFT(VLOOKUP($B3,'Round 9'!$B$2:$H$361,7,false),1)="B","L","")),if(LEFT(VLOOKUP($B3,'Round 9'!$F$2:$H$361,3,false),1)="b","W",if(LEFT(VLOOKUP($B3,'Round 9'!$F$2:$H$361,3,false),1)="a","L",""))),"") | M3: =iferror(iferror(if(LEFT(VLOOKUP($B3,'Round 10'!$B$2:$H$362,7,false),1)="A","W",if(LEFT(VLOOKUP($B3,'Round 10'!$B$2:$H$362,7,false),1)="B","L","")),if(LEFT(VLOOKUP($B3,'Round 10'!$F$2:$H$362,3,false),1)="b","W",if(LEFT(VLOOKUP($B3,'Round 10'!$F$2:$H$362,3,false),1)="a","L",""))),"") | N3: 195417421459226626
A4: 3 | B4: Triangles | C4: =CONCATENATE(COUNTIF(D4:M4,"W") , " - " , COUNTIF(D4:M4, "L")) -> 8 - 1 | D4: =iferror(if(LEFT(VLOOKUP($B4,'Round 1'!$B$2:$H$361,7,false),1)="A","W",if(LEFT(VLOOKUP($B4,'Round 1'!$B$2:$H$361,7,false),1)="B","L","")),if(LEFT(VLOOKUP($B4,'Round 1'!$F$2:$H$361,3,false),1)="b","W",if(LEFT(VLOOKUP($B4,'Round 1'!$F$2:$H$361,3,false),1)="a","L",""))) -> W | E4: =iferror(if(LEFT(VLOOKUP($B4,'Round 2'!$C$2:$J$361,8,false),1)="A","W",if(LEFT(VLOOKUP($B4,'Round 2'!$C$2:$J$361,8,false),1)="B","L","")),if(LEFT(VLOOKUP($B4,'Round 2'!$G$2:$J$361,4,false),1)="b","W",if(LEFT(VLOOKUP($B4,'Round 2'!$G$2:$J$361,4,false),1)="a","L",""))) -> W | F4: =iferror(if(LEFT(VLOOKUP($B4,'Round 3'!$B$2:$H$361,7,false),1)="A","W",if(LEFT(VLOOKUP($B4,'Round 3'!$B$2:$H$361,7,false),1)="B","L","")),if(LEFT(VLOOKUP($B4,'Round 3'!$F$2:$H$361,3,false),1)="b","W",if(LEFT(VLOOKUP($B4,'Round 3'!$F$2:$H$361,3,false),1)="a","L",""))) -> W | G4: =iferror(if(LEFT(VLOOKUP($B4,'Round 4'!$B$2:$H$361,7,false),1)="A","W",if(LEFT(VLOOKUP($B4,'Round 4'!$B$2:$H$361,7,false),1)="B","L","")),if(LEFT(VLOOKUP($B4,'Round 4'!$F$2:$H$361,3,false),1)="b","W",if(LEFT(VLOOKUP($B4,'Round 4'!$F$2:$H$361,3,false),1)="a","L",""))) -> W | H4: =iferror(if(LEFT(VLOOKUP($B4,'Round 5'!$B$2:$H$361,7,false),1)="A","W",if(LEFT(VLOOKUP($B4,'Round 5'!$B$2:$H$361,7,false),1)="B","L","")),if(LEFT(VLOOKUP($B4,'Round 5'!$F$2:$H$361,3,false),1)="b","W",if(LEFT(VLOOKUP($B4,'Round 5'!$F$2:$H$361,3,false),1)="a","L",""))) -> L | I4: =iferror(if(LEFT(VLOOKUP($B4,'Round 6'!$B$2:$H$361,7,false),1)="A","W",if(LEFT(VLOOKUP($B4,'Round 6'!$B$2:$H$361,7,false),1)="B","L","")),if(LEFT(VLOOKUP($B4,'Round 6'!$F$2:$H$361,3,false),1)="b","W",if(LEFT(VLOOKUP($B4,'Round 6'!$F$2:$H$361,3,false),1)="a","L",""))) -> W | J4: =iferror(iferror(if(LEFT(VLOOKUP($B4,'Round 7'!$B$2:$H$361,7,false),1)="A","W",if(LEFT(VLOOKUP($B4,'Round 7'!$B$2:$H$361,7,false),1)="B","L","")),if(LEFT(VLOOKUP($B4,'Round 7'!$F$2:$H$361,3,false),1)="b","W",if(LEFT(VLOOKUP($B4,'Round 7'!$F$2:$H$361,3,false),1)="a","L",""))),"") -> W | K4: =iferror(iferror(if(LEFT(VLOOKUP($B4,'Round 8'!$B$2:$H$361,7,false),1)="A","W",if(LEFT(VLOOKUP($B4,'Round 8'!$B$2:$H$361,7,false),1)="B","L","")),if(LEFT(VLOOKUP($B4,'Round 8'!$F$2:$H$361,3,false),1)="b","W",if(LEFT(VLOOKUP($B4,'Round 8'!$F$2:$H$361,3,false),1)="a","L",""))),"") -> W | L4: =iferror(iferror(if(LEFT(VLOOKUP($B4,'Round 9'!$B$2:$H$361,7,false),1)="A","W",if(LEFT(VLOOKUP($B4,'Round 9'!$B$2:$H$361,7,false),1)="B","L","")),if(LEFT(VLOOKUP($B4,'Round 9'!$F$2:$H$361,3,false),1)="b","W",if(LEFT(VLOOKUP($B4,'Round 9'!$F$2:$H$361,3,false),1)="a","L",""))),"") -> W | M4: =iferror(iferror(if(LEFT(VLOOKUP($B4,'Round 10'!$B$2:$H$362,7,false),1)="A","W",if(LEFT(VLOOKUP($B4,'Round 10'!$B$2:$H$362,7,false),1)="B","L","")),if(LEFT(VLOOKUP($B4,'Round 10'!$F$2:$H$362,3,false),1)="b","W",if(LEFT(VLOOKUP($B4,'Round 10'!$F$2:$H$362,3,false),1)="a","L",""))),"") | N4: 587394354725912717
A5: 4 | B5: pkLeech | C5: =CONCATENATE(COUNTIF(D5:M5,"W") , " - " , COUNTIF(D5:M5, "L")) -> 7 - 2 | D5: =iferror(if(LEFT(VLOOKUP($B5,'Round 1'!$B$2:$H$361,7,false),1)="A","W",if(LEFT(VLOOKUP($B5,'Round 1'!$B$2:$H$361,7,false),1)="B","L","")),if(LEFT(VLOOKUP($B5,'Round 1'!$F$2:$H$361,3,false),1)="b","W",if(LEFT(VLOOKUP($B5,'Round 1'!$F$2:$H$361,3,false),1)="a","L",""))) -> W | E5: =iferror(if(LEFT(VLOOKUP($B5,'Round 2'!$C$2:$J$361,8,false),1)="A","W",if(LEFT(VLOOKUP($B5,'Round 2'!$C$2:$J$361,8,false),1)="B","L","")),if(LEFT(VLOOKUP($B5,'Round 2'!$G$2:$J$361,4,false),1)="b","W",if(LEFT(VLOOKUP($B5,'Round 2'!$G$2:$J$361,4,false),1)="a","L",""))) -> W | F5: =iferror(if(LEFT(VLOOKUP($B5,'Round 3'!$B$2:$H$361,7,false),1)="A","W",if(LEFT(VLOOKUP($B5,'Round 3'!$B$2:$H$361,7,false),1)="B","L","")),if(LEFT(VLOOKUP($B5,'Round 3'!$F$2:$H$361,3,false),1)="b","W",if(LEFT(VLOOKUP($B5,'Round 3'!$F$2:$H$361,3,false),1)="a","L",""))) -> L | G5: =iferror(if(LEFT(VLOOKUP($B5,'Round 4'!$B$2:$H$361,7,false),1)="A","W",if(LEFT(VLOOKUP($B5,'Round 4'!$B$2:$H$361,7,false),1)="B","L","")),if(LEFT(VLOOKUP($B5,'Round 4'!$F$2:$H$361,3,false),1)="b","W",if(LEFT(VLOOKUP($B5,'Round 4'!$F$2:$H$361,3,false),1)="a","L",""))) -> W | H5: =iferror(if(LEFT(VLOOKUP($B5,'Round 5'!$B$2:$H$361,7,false),1)="A","W",if(LEFT(VLOOKUP($B5,'Round 5'!$B$2:$H$361,7,false),1)="B","L","")),if(LEFT(VLOOKUP($B5,'Round 5'!$F$2:$H$361,3,false),1)="b","W",if(LEFT(VLOOKUP($B5,'Round 5'!$F$2:$H$361,3,false),1)="a","L",""))) -> W | I5: =iferror(if(LEFT(VLOOKUP($B5,'Round 6'!$B$2:$H$361,7,false),1)="A","W",if(LEFT(VLOOKUP($B5,'Round 6'!$B$2:$H$361,7,false),1)="B","L","")),if(LEFT(VLOOKUP($B5,'Round 6'!$F$2:$H$361,3,false),1)="b","W",if(LEFT(VLOOKUP($B5,'Round 6'!$F$2:$H$361,3,false),1)="a","L",""))) -> W | J5: =iferror(iferror(if(LEFT(VLOOKUP($B5,'Round 7'!$B$2:$H$361,7,false),1)="A","W",if(LEFT(VLOOKUP($B5,'Round 7'!$B$2:$H$361,7,false),1)="B","L","")),if(LEFT(VLOOKUP($B5,'Round 7'!$F$2:$H$361,3,false),1)="b","W",if(LEFT(VLOOKUP($B5,'Round 7'!$F$2:$H$361,3,false),1)="a","L",""))),"") -> W | K5: =iferror(iferror(if(LEFT(VLOOKUP($B5,'Round 8'!$B$2:$H$361,7,false),1)="A","W",if(LEFT(VLOOKUP($B5,'Round 8'!$B$2:$H$361,7,false),1)="B","L","")),if(LEFT(VLOOKUP($B5,'Round 8'!$F$2:$H$361,3,false),1)="b","W",if(LEFT(VLOOKUP($B5,'Round 8'!$F$2:$H$361,3,false),1)="a","L",""))),"") -> W | L5: =iferror(iferror(if(LEFT(VLOOKUP($B5,'Round 9'!$B$2:$H$361,7,false),1)="A","W",if(LEFT(VLOOKUP($B5,'Round 9'!$B$2:$H$361,7,false),1)="B","L","")),if(LEFT(VLOOKUP($B5,'Round 9'!$F$2:$H$361,3,false),1)="b","W",if(LEFT(VLOOKUP($B5,'Round 9'!$F$2:$H$361,3,false),1)="a","L",""))),"") -> L | M5: =iferror(iferror(if(LEFT(VLOOKUP($B5,'Round 10'!$B$2:$H$362,7,false),1)="A","W",if(LEFT(VLOOKUP($B5,'Round 10'!$B$2:$H$362,7,false),1)="B","L","")),if(LEFT(VLOOKUP($B5,'Round 10'!$F$2:$H$362,3,false),1)="b","W",if(LEFT(VLOOKUP($B5,'Round 10'!$F$2:$H$362,3,false),1)="a","L",""))),"") | N5: 461288985944391708
A6: 5 | B6: Caloom | C6: =CONCATENATE(COUNTIF(D6:M6,"W") , " - " , COUNTIF(D6:M6, "L")) -> 7 - 2 | D6: =iferror(if(LEFT(VLOOKUP($B6,'Round 1'!$B$2:$H$361,7,false),1)="A","W",if(LEFT(VLOOKUP($B6,'Round 1'!$B$2:$H$361,7,false),1)="B","L","")),if(LEFT(VLOOKUP($B6,'Round 1'!$F$2:$H$361,3,false),1)="b","W",if(LEFT(VLOOKUP($B6,'Round 1'!$F$2:$H$361,3,false),1)="a","L",""))) -> L | E6: =iferror(if(LEFT(VLOOKUP($B6,'Round 2'!$C$2:$J$361,8,false),1)="A","W",if(LEFT(VLOOKUP($B6,'Round 2'!$C$2:$J$361,8,false),1)="B","L","")),if(LEFT(VLOOKUP($B6,'Round 2'!$G$2:$J$361,4,false),1)="b","W",if(LEFT(VLOOKUP($B6,'Round 2'!$G$2:$J$361,4,false),1)="a","L",""))) -> W | F6: =iferror(if(LEFT(VLOOKUP($B6,'Round 3'!$B$2:$H$361,7,false),1)="A","W",if(LEFT(VLOOKUP($B6,'Round 3'!$B$2:$H$361,7,false),1)="B","L","")),if(LEFT(VLOOKUP($B6,'Round 3'!$F$2:$H$361,3,false),1)="b","W",if(LEFT(VLOOKUP($B6,'Round 3'!$F$2:$H$361,3,false),1)="a","L",""))) -> W | G6: =iferror(if(LEFT(VLOOKUP($B6,'Round 4'!$B$2:$H$361,7,false),1)="A","W",if(LEFT(VLOOKUP($B6,'Round 4'!$B$2:$H$361,7,false),1)="B","L","")),if(LEFT(VLOOKUP($B6,'Round 4'!$F$2:$H$361,3,false),1)="b","W",if(LEFT(VLOOKUP($B6,'Round 4'!$F$2:$H$361,3,false),1)="a","L",""))) -> W | H6: =iferror(if(LEFT(VLOOKUP($B6,'Round 5'!$B$2:$H$361,7,false),1)="A","W",if(LEFT(VLOOKUP($B6,'Round 5'!$B$2:$H$361,7,false),1)="B","L","")),if(LEFT(VLOOKUP($B6,'Round 5'!$F$2:$H$361,3,false),1)="b","W",if(LEFT(VLOOKUP($B6,'Round 5'!$F$2:$H$361,3,false),1)="a","L",""))) -> L | I6: =iferror(if(LEFT(VLOOKUP($B6,'Round 6'!$B$2:$H$361,7,false),1)="A","W",if(LEFT(VLOOKUP($B6,'Round 6'!$B$2:$H$361,7,false),1)="B","L","")),if(LEFT(VLOOKUP($B6,'Round 6'!$F$2:$H$361,3,false),1)="b","W",if(LEFT(VLOOKUP($B6,'Round 6'!$F$2:$H$361,3,false),1)="a","L",""))) -> W | J6: =iferror(iferror(if(LEFT(VLOOKUP($B6,'Round 7'!$B$2:$H$361,7,false),1)="A","W",if(LEFT(VLOOKUP($B6,'Round 7'!$B$2:$H$361,7,false),1)="B","L","")),if(LEFT(VLOOKUP($B6,'Round 7'!$F$2:$H$361,3,false),1)="b","W",if(LEFT(VLOOKUP($B6,'Round 7'!$F$2:$H$361,3,false),1)="a","L",""))),"") -> W | K6: =iferror(iferror(if(LEFT(VLOOKUP($B6,'Round 8'!$B$2:$H$361,7,false),1)="A","W",if(LEFT(VLOOKUP($B6,'Round 8'!$B$2:$H$361,7,false),1)="B","L","")),if(LEFT(VLOOKUP($B6,'Round 8'!$F$2:$H$361,3,false),1)="b","W",if(LEFT(VLOOKUP($B6,'Round 8'!$F$2:$H$361,3,false),1)="a","L",""))),"") -> W | L6: =iferror(iferror(if(LEFT(VLOOKUP($B6,'Round 9'!$B$2:$H$361,7,false),1)="A","W",if(LEFT(VLOOKUP($B6,'Round 9'!$B$2:$H$361,7,false),1)="B","L","")),if(LEFT(VLOOKUP($B6,'Round 9'!$F$2:$H$361,3,false),1)="b","W",if(LEFT(VLOOKUP($B6,'Round 9'!$F$2:$H$361,3,false),1)="a","L",""))),"") -> W | M6: =iferror(iferror(if(LEFT(VLOOKUP($B6,'Round 10'!$B$2:$H$362,7,false),1)="A","W",if(LEFT(VLOOKUP($B6,'Round 10'!$B$2:$H$362,7,false),1)="B","L","")),if(LEFT(VLOOKUP($B6,'Round 10'!$F$2:$H$362,3,false),1)="b","W",if(LEFT(VLOOKUP($B6,'Round 10'!$F$2:$H$362,3,false),1)="a","L",""))),"") | N6: 428981810811109386
A7: 6 | B7: Fear | C7: =CONCATENATE(COUNTIF(D7:M7,"W") , " - " , COUNTIF(D7:M7, "L")) -> 8 - 1 | D7: =iferror(if(LEFT(VLOOKUP($B7,'Round 1'!$B$2:$H$361,7,false),1)="A","W",if(LEFT(VLOOKUP($B7,'Round 1'!$B$2:$H$361,7,false),1)="B","L","")),if(LEFT(VLOOKUP($B7,'Round 1'!$F$2:$H$361,3,false),1)="b","W",if(LEFT(VLOOKUP($B7,'Round 1'!$F$2:$H$361,3,false),1)="a","L",""))) -> W | E7: =iferror(if(LEFT(VLOOKUP($B7,'Round 2'!$C$2:$J$361,8,false),1)="A","W",if(LEFT(VLOOKUP($B7,'Round 2'!$C$2:$J$361,8,false),1)="B","L","")),if(LEFT(VLOOKUP($B7,'Round 2'!$G$2:$J$361,4,false),1)="b","W",if(LEFT(VLOOKUP($B7,'Round 2'!$G$2:$J$361,4,false),1)="a","L",""))) -> W | F7: =iferror(if(LEFT(VLOOKUP($B7,'Round 3'!$B$2:$H$361,7,false),1)="A","W",if(LEFT(VLOOKUP($B7,'Round 3'!$B$2:$H$361,7,false),1)="B","L","")),if(LEFT(VLOOKUP($B7,'Round 3'!$F$2:$H$361,3,false),1)="b","W",if(LEFT(VLOOKUP($B7,'Round 3'!$F$2:$H$361,3,false),1)="a","L",""))) -> W | G7: =iferror(if(LEFT(VLOOKUP($B7,'Round 4'!$B$2:$H$361,7,false),1)="A","W",if(LEFT(VLOOKUP($B7,'Round 4'!$B$2:$H$361,7,false),1)="B","L","")),if(LEFT(VLOOKUP($B7,'Round 4'!$F$2:$H$361,3,false),1)="b","W",if(LEFT(VLOOKUP($B7,'Round 4'!$F$2:$H$361,3,false),1)="a","L",""))) -> W | H7: =iferror(if(LEFT(VLOOKUP($B7,'Round 5'!$B$2:$H$361,7,false),1)="A","W",if(LEFT(VLOOKUP($B7,'Round 5'!$B$2:$H$361,7,false),1)="B","L","")),if(LEFT(VLOOKUP($B7,'Round 5'!$F$2:$H$361,3,false),1)="b","W",if(LEFT(VLOOKUP($B7,'Round 5'!$F$2:$H$361,3,false),1)="a","L",""))) -> W | I7: =iferror(if(LEFT(VLOOKUP($B7,'Round 6'!$B$2:$H$361,7,false),1)="A","W",if(LEFT(VLOOKUP($B7,'Round 6'!$B$2:$H$361,7,false),1)="B","L","")),if(LEFT(VLOOKUP($B7,'Round 6'!$F$2:$H$361,3,false),1)="b","W",if(LEFT(VLOOKUP($B7,'Round 6'!$F$2:$H$361,3,false),1)="a","L",""))) -> W | J7: =iferror(iferror(if(LEFT(VLOOKUP($B7,'Round 7'!$B$2:$H$361,7,false),1)="A","W",if(LEFT(VLOOKUP($B7,'Round 7'!$B$2:$H$361,7,false),1)="B","L","")),if(LEFT(VLOOKUP($B7,'Round 7'!$F$2:$H$361,3,false),1)="b","W",if(LEFT(VLOOKUP($B7,'Round 7'!$F$2:$H$361,3,false),1)="a","L",""))),"") -> L | K7: =iferror(iferror(if(LEFT(VLOOKUP($B7,'Round 8'!$B$2:$H$361,7,false),1)="A","W",if(LEFT(VLOOKUP($B7,'Round 8'!$B$2:$H$361,7,false),1)="B","L","")),if(LEFT(VLOOKUP($B7,'Round 8'!$F$2:$H$361,3,false),1)="b","W",if(LEFT(VLOOKUP($B7,'Round 8'!$F$2:$H$361,3,false),1)="a","L",""))),"") -> W | L7: =iferror(iferror(if(LEFT(VLOOKUP($B7,'Round 9'!$B$2:$H$361,7,false),1)="A","W",if(LEFT(VLOOKUP($B7,'Round 9'!$B$2:$H$361,7,false),1)="B","L","")),if(LEFT(VLOOKUP($B7,'Round 9'!$F$2:$H$361,3,false),1)="b","W",if(LEFT(VLOOKUP($B7,'Round 9'!$F$2:$H$361,3,false),1)="a","L",""))),"") -> W | M7: =iferror(iferror(if(LEFT(VLOOKUP($B7,'Round 10'!$B$2:$H$362,7,false),1)="A","W",if(LEFT(VLOOKUP($B7,'Round 10'!$B$2:$H$362,7,false),1)="B","L","")),if(LEFT(VLOOKUP($B7,'Round 10'!$F$2:$H$362,3,false),1)="b","W",if(LEFT(VLOOKUP($B7,'Round 10'!$F$2:$H$362,3,false),1)="a","L",""))),"") | N7: 125981893828149248
A8: 7 | B8: jumpy23 | C8: =CONCATENATE(COUNTIF(D8:M8,"W") , " - " , COUNTIF(D8:M8, "L")) -> 10 - 0 | D8: =iferror(if(LEFT(VLOOKUP($B8,'Round 1'!$B$2:$H$361,7,false),1)="A","W",if(LEFT(VLOOKUP($B8,'Round 1'!$B$2:$H$361,7,false),1)="B","L","")),if(LEFT(VLOOKUP($B8,'Round 1'!$F$2:$H$361,3,false),1)="b","W",if(LEFT(VLOOKUP($B8,'Round 1'!$F$2:$H$361,3,false),1)="a","L",""))) -> W | E8: =iferror(if(LEFT(VLOOKUP($B8,'Round 2'!$C$2:$J$361,8,false),1)="A","W",if(LEFT(VLOOKUP($B8,'Round 2'!$C$2:$J$361,8,false),1)="B","L","")),if(LEFT(VLOOKUP($B8,'Round 2'!$G$2:$J$361,4,false),1)="b","W",if(LEFT(VLOOKUP($B8,'Round 2'!$G$2:$J$361,4,false),1)="a","L",""))) -> W | F8: =iferror(if(LEFT(VLOOKUP($B8,'Round 3'!$B$2:$H$361,7,false),1)="A","W",if(LEFT(VLOOKUP($B8,'Round 3'!$B$2:$H$361,7,false),1)="B","L","")),if(LEFT(VLOOKUP($B8,'Round 3'!$F$2:$H$361,3,false),1)="b","W",if(LEFT(VLOOKUP($B8,'Round 3'!$F$2:$H$361,3,false),1)="a","L",""))) -> W | G8: =iferror(if(LEFT(VLOOKUP($B8,'Round 4'!$B$2:$H$361,7,false),1)="A","W",if(LEFT(VLOOKUP($B8,'Round 4'!$B$2:$H$361,7,false),1)="B","L","")),if(LEFT(VLOOKUP($B8,'Round 4'!$F$2:$H$361,3,false),1)="b","W",if(LEFT(VLOOKUP($B8,'Round 4'!$F$2:$H$361,3,false),1)="a","L",""))) -> W | H8: =iferror(if(LEFT(VLOOKUP($B8,'Round 5'!$B$2:$H$361,7,false),1)="A","W",if(LEFT(VLOOKUP($B8,'Round 5'!$B$2:$H$361,7,false),1)="B","L","")),if(LEFT(VLOOKUP($B8,'Round 5'!$F$2:$H$361,3,false),1)="b","W",if(LEFT(VLOOKUP($B8,'Round 5'!$F$2:$H$361,3,false),1)="a","L",""))) -> W | I8: =iferror(if(LEFT(VLOOKUP($B8,'Round 6'!$B$2:$H$361,7,false),1)="A","W",if(LEFT(VLOOKUP($B8,'Round 6'!$B$2:$H$361,7,false),1)="B","L","")),if(LEFT(VLOOKUP($B8,'Round 6'!$F$2:$H$361,3,false),1)="b","W",if(LEFT(VLOOKUP($B8,'Round 6'!$F$2:$H$361,3,false),1)="a","L",""))) -> W | J8: =iferror(iferror(if(LEFT(VLOOKUP($B8,'Round 7'!$B$2:$H$361,7,false),1)="A","W",if(LEFT(VLOOKUP($B8,'Round 7'!$B$2:$H$361,7,false),1)="B","L","")),if(LEFT(VLOOKUP($B8,'Round 7'!$F$2:$H$361,3,false),1)="b","W",if(LEFT(VLOOKUP($B8,'Round 7'!$F$2:$H$361,3,false),1)="a","L",""))),"") -> W | K8: =iferror(iferror(if(LEFT(VLOOKUP($B8,'Round 8'!$B$2:$H$361,7,false),1)="A","W",if(LEFT(VLOOKUP($B8,'Round 8'!$B$2:$H$361,7,false),1)="B","L","")),if(LEFT(VLOOKUP($B8,'Round 8'!$F$2:$H$361,3,false),1)="b","W",if(LEFT(VLOOKUP($B8,'Round 8'!$F$2:$H$361,3,false),1)="a","L",""))),"") -> W | L8: =iferror(iferror(if(LEFT(VLOOKUP($B8,'Round 9'!$B$2:$H$361,7,false),1)="A","W",if(LEFT(VLOOKUP($B8,'Round 9'!$B$2:$H$361,7,false),1)="B","L","")),if(LEFT(VLOOKUP($B8,'Round 9'!$F$2:$H$361,3,false),1)="b","W",if(LEFT(VLOOKUP($B8,'Round 9'!$F$2:$H$361,3,false),1)="a","L",""))),"") -> W | M8: =iferror(iferror(if(LEFT(VLOOKUP($B8,'Round 10'!$B$2:$H$362,7,false),1)="A","W",if(LEFT(VLOOKUP($B8,'Round 10'!$B$2:$H$362,7,false),1)="B","L","")),if(LEFT(VLOOKUP($B8,'Round 10'!$F$2:$H$362,3,false),1)="b","W",if(LEFT(VLOOKUP($B8,'Round 10'!$F$2:$H$362,3,false),1)="a","L",""))),"") -> W | N8: 127527434865082368
A9: 8 | B9: Leo | C9: =CONCATENATE(COUNTIF(D9:M9,"W") , " - " , COUNTIF(D9:M9, "L")) -> 2 - 3 | D9: =iferror(if(LEFT(VLOOKUP($B9,'Round 1'!$B$2:$H$361,7,false),1)="A","W",if(LEFT(VLOOKUP($B9,'Round 1'!$B$2:$H$361,7,false),1)="B","L","")),if(LEFT(VLOOKUP($B9,'Round 1'!$F$2:$H$361,3,false),1)="b","W",if(LEFT(VLOOKUP($B9,'Round 1'!$F$2:$H$361,3,false),1)="a","L",""))) -> W | E9: =iferror(if(LEFT(VLOOKUP($B9,'Round 2'!$C$2:$J$361,8,false),1)="A","W",if(LEFT(VLOOKUP($B9,'Round 2'!$C$2:$J$361,8,false),1)="B","L","")),if(LEFT(VLOOKUP($B9,'Round 2'!$G$2:$J$361,4,false),1)="b","W",if(LEFT(VLOOKUP($B9,'Round 2'!$G$2:$J$361,4,false),1)="a","L",""))) -> W | F9: =iferror(if(LEFT(VLOOKUP($B9,'Round 3'!$B$2:$H$361,7,false),1)="A","W",if(LEFT(VLOOKUP($B9,'Round 3'!$B$2:$H$361,7,false),1)="B","L","")),if(LEFT(VLOOKUP($B9,'Round 3'!$F$2:$H$361,3,false),1)="b","W",if(LEFT(VLOOKUP($B9,'Round 3'!$F$2:$H$361,3,false),1)="a","L",""))) -> L | G9: =iferror(if(LEFT(VLOOKUP($B9,'Round 4'!$B$2:$H$361,7,false),1)="A","W",if(LEFT(VLOOKUP($B9,'Round 4'!$B$2:$H$361,7,false),1)="B","L","")),if(LEFT(VLOOKUP($B9,'Round 4'!$F$2:$H$361,3,false),1)="b","W",if(LEFT(VLOOKUP($B9,'Round 4'!$F$2:$H$361,3,false),1)="a","L",""))) -> L | H9: =iferror(if(LEFT(VLOOKUP($B9,'Round 5'!$B$2:$H$361,7,false),1)="A","W",if(LEFT(VLOOKUP($B9,'Round 5'!$B$2:$H$361,7,false),1)="B","L","")),if(LEFT(VLOOKUP($B9,'Round 5'!$F$2:$H$361,3,false),1)="b","W",if(LEFT(VLOOKUP($B9,'Round 5'!$F$2:$H$361,3,false),1)="a","L",""))) -> L | J9: =iferror(iferror(if(LEFT(VLOOKUP($B9,'Round 7'!$B$2:$H$361,7,false),1)="A","W",if(LEFT(VLOOKUP($B9,'Round 7'!$B$2:$H$361,7,false),1)="B","L","")),if(LEFT(VLOOKUP($B9,'Round 7'!$F$2:$H$361,3,false),1)="b","W",if(LEFT(VLOOKUP($B9,'Round 7'!$F$2:$H$361,3,false),1)="a","L",""))),"") | K9: =iferror(iferror(if(LEFT(VLOOKUP($B9,'Round 8'!$B$2:$H$361,7,false),1)="A","W",if(LEFT(VLOOKUP($B9,'Round 8'!$B$2:$H$361,7,false),1)="B","L","")),if(LEFT(VLOOKUP($B9,'Round 8'!$F$2:$H$361,3,false),1)="b","W",if(LEFT(VLOOKUP($B9,'Round 8'!$F$2:$H$361,3,false),1)="a","L",""))),"") | L9: =iferror(iferror(if(LEFT(VLOOKUP($B9,'Round 9'!$B$2:$H$361,7,false),1)="A","W",if(LEFT(VLOOKUP($B9,'Round 9'!$B$2:$H$361,7,false),1)="B","L","")),if(LEFT(VLOOKUP($B9,'Round 9'!$F$2:$H$361,3,false),1)="b","W",if(LEFT(VLOOKUP($B9,'Round 9'!$F$2:$H$361,3,false),1)="a","L",""))),"") | M9: =iferror(iferror(if(LEFT(VLOOKUP($B9,'Round 10'!$B$2:$H$362,7,false),1)="A","W",if(LEFT(VLOOKUP($B9,'Round 10'!$B$2:$H$362,7,false),1)="B","L","")),if(LEFT(VLOOKUP($B9,'Round 10'!$F$2:$H$362,3,false),1)="b","W",if(LEFT(VLOOKUP($B9,'Round 10'!$F$2:$H$362,3,false),1)="a","L",""))),"") | N9: 221637804185223170
A10: 9 | B10: Kollin | C10: =CONCATENATE(COUNTIF(D10:M10,"W") , " - " , COUNTIF(D10:M10, "L")) -> 8 - 1 | D10: =iferror(if(LEFT(VLOOKUP($B10,'Round 1'!$B$2:$H$361,7,false),1)="A","W",if(LEFT(VLOOKUP($B10,'Round 1'!$B$2:$H$361,7,false),1)="B","L","")),if(LEFT(VLOOKUP($B10,'Round 1'!$F$2:$H$361,3,false),1)="b","W",if(LEFT(VLOOKUP($B10,'Round 1'!$F$2:$H$361,3,false),1)="a","L",""))) -> W | E10: =iferror(if(LEFT(VLOOKUP($B10,'Round 2'!$C$2:$J$361,8,false),1)="A","W",if(LEFT(VLOOKUP($B10,'Round 2'!$C$2:$J$361,8,false),1)="B","L","")),if(LEFT(VLOOKUP($B10,'Round 2'!$G$2:$J$361,4,false),1)="b","W",if(LEFT(VLOOKUP($B10,'Round 2'!$G$2:$J$361,4,false),1)="a","L",""))) -> W | F10: =iferror(if(LEFT(VLOOKUP($B10,'Round 3'!$B$2:$H$361,7,false),1)="A","W",if(LEFT(VLOOKUP($B10,'Round 3'!$B$2:$H$361,7,false),1)="B","L","")),if(LEFT(VLOOKUP($B10,'Round 3'!$F$2:$H$361,3,false),1)="b","W",if(LEFT(VLOOKUP($B10,'Round 3'!$F$2:$H$361,3,false),1)="a","L",""))) -> W | G10: =iferror(if(LEFT(VLOOKUP($B10,'Round 4'!$B$2:$H$361,7,false),1)="A","W",if(LEFT(VLOOKUP($B10,'Round 4'!$B$2:$H$361,7,false),1)="B","L","")),if(LEFT(VLOOKUP($B10,'Round 4'!$F$2:$H$361,3,false),1)="b","W",if(LEFT(VLOOKUP($B10,'Round 4'!$F$2:$H$361,3,false),1)="a","L",""))) -> W | H10: =iferror(if(LEFT(VLOOKUP($B10,'Round 5'!$B$2:$H$361,7,false),1)="A","W",if(LEFT(VLOOKUP($B10,'Round 5'!$B$2:$H$361,7,false),1)="B","L","")),if(LEFT(VLOOKUP($B10,'Round 5'!$F$2:$H$361,3,false),1)="b","W",if(LEFT(VLOOKUP($B10,'Round 5'!$F$2:$H$361,3,false),1)="a","L",""))) -> W | I10: =iferror(if(LEFT(VLOOKUP($B10,'Round 6'!$B$2:$H$361,7,false),1)="A","W",if(LEFT(VLOOKUP($B10,'Round 6'!$B$2:$H$361,7,false),1)="B","L","")),if(LEFT(VLOOKUP($B10,'Round 6'!$F$2:$H$361,3,false),1)="b","W",if(LEFT(VLOOKUP($B10,'Round 6'!$F$2:$H$361,3,false),1)="a","L",""))) -> W | J10: =iferror(iferror(if(LEFT(VLOOKUP($B10,'Round 7'!$B$2:$H$361,7,false),1)="A","W",if(LEFT(VLOOKUP($B10,'Round 7'!$B$2:$H$361,7,false),1)="B","L","")),if(LEFT(VLOOKUP($B10,'Round 7'!$F$2:$H$361,3,false),1)="b","W",if(LEFT(VLOOKUP($B10,'Round 7'!$F$2:$H$361,3,false),1)="a","L",""))),"") -> W | K10: =iferror(iferror(if(LEFT(VLOOKUP($B10,'Round 8'!$B$2:$H$361,7,false),1)="A","W",if(LEFT(VLOOKUP($B10,'Round 8'!$B$2:$H$361,7,false),1)="B","L","")),if(LEFT(VLOOKUP($B10,'Round 8'!$F$2:$H$361,3,false),1)="b","W",if(LEFT(VLOOKUP($B10,'Round 8'!$F$2:$H$361,3,false),1)="a","L",""))),"") -> W | L10: =iferror(iferror(if(LEFT(VLOOKUP($B10,'Round 9'!$B$2:$H$361,7,false),1)="A","W",if(LEFT(VLOOKUP($B10,'Round 9'!$B$2:$H$361,7,false),1)="B","L","")),if(LEFT(VLOOKUP($B10,'Round 9'!$F$2:$H$361,3,false),1)="b","W",if(LEFT(VLOOKUP($B10,'Round 9'!$F$2:$H$361,3,false),1)="a","L",""))),"") -> L | M10: =iferror(iferror(if(LEFT(VLOOKUP($B10,'Round 10'!$B$2:$H$362,7,false),1)="A","W",if(LEFT(VLOOKUP($B10,'Round 10'!$B$2:$H$362,7,false),1)="B","L","")),if(LEFT(VLOOKUP($B10,'Round 10'!$F$2:$H$362,3,false),1)="b","W",if(LEFT(VLOOKUP($B10,'Round 10'!$F$2:$H$362,3,false),1)="a","L",""))),"") | N10: 83000775151714304
A11: 10 | B11: Cyberodin | C11: =CONCATENATE(COUNTIF(D11:M11,"W") , " - " , COUNTIF(D11:M11, "L")) -> 7 - 2 | D11: =iferror(if(LEFT(VLOOKUP($B11,'Round 1'!$B$2:$H$361,7,false),1)="A","W",if(LEFT(VLOOKUP($B11,'Round 1'!$B$2:$H$361,7,false),1)="B","L","")),if(LEFT(VLOOKUP($B11,'Round 1'!$F$2:$H$361,3,false),1)="b","W",if(LEFT(VLOOKUP($B11,'Round 1'!$F$2:$H$361,3,false),1)="a","L",""))) -> L | E11: =iferror(if(LEFT(VLOOKUP($B11,'Round 2'!$C$2:$J$361,8,false),1)="A","W",if(LEFT(VLOOKUP($B11,'Round 2'!$C$2:$J$361,8,false),1)="B","L","")),if(LEFT(VLOOKUP($B11,'Round 2'!$G$2:$J$361,4,false),1)="b","W",if(LEFT(VLOOKUP($B11,'Round 2'!$G$2:$J$361,4,false),1)="a","L",""))) -> W | F11: =iferror(if(LEFT(VLOOKUP($B11,'Round 3'!$B$2:$H$361,7,false),1)="A","W",if(LEFT(VLOOKUP($B11,'Round 3'!$B$2:$H$361,7,false),1)="B","L","")),if(LEFT(VLOOKUP($B11,'Round 3'!$F$2:$H$361,3,false),1)="b","W",if(LEFT(VLOOKUP($B11,'Round 3'!$F$2:$H$361,3,false),1)="a","L",""))) -> W | G11: =iferror(if(LEFT(VLOOKUP($B11,'Round 4'!$B$2:$H$361,7,false),1)="A","W",if(LEFT(VLOOKUP($B11,'Round 4'!$B$2:$H$361,7,false),1)="B","L","")),if(LEFT(VLOOKUP($B11,'Round 4'!$F$2:$H$361,3,false),1)="b","W",if(LEFT(VLOOKUP($B11,'Round 4'!$F$2:$H$361,3,false),1)="a","L",""))) -> W | H11: =iferror(if(LEFT(VLOOKUP($B11,'Round 5'!$B$2:$H$361,7,false),1)="A","W",if(LEFT(VLOOKUP($B11,'Round 5'!$B$2:$H$361,7,false),1)="B","L","")),if(LEFT(VLOOKUP($B11,'Round 5'!$F$2:$H$361,3,false),1)="b","W",if(LEFT(VLOOKUP($B11,'Round 5'!$F$2:$H$361,3,false),1)="a","L",""))) -> W | I11: =iferror(if(LEFT(VLOOKUP($B11,'Round 6'!$B$2:$H$361,7,false),1)="A","W",if(LEFT(VLOOKUP($B11,'Round 6'!$B$2:$H$361,7,false),1)="B","L","")),if(LEFT(VLOOKUP($B11,'Round 6'!$F$2:$H$361,3,false),1)="b","W",if(LEFT(VLOOKUP($B11,'Round 6'!$F$2:$H$361,3,false),1)="a","L",""))) -> W | J11: =iferror(iferror(if(LEFT(VLOOKUP($B11,'Round 7'!$B$2:$H$361,7,false),1)="A","W",if(LEFT(VLOOKUP($B11,'Round 7'!$B$2:$H$361,7,false),1)="B","L","")),if(LEFT(VLOOKUP($B11,'Round 7'!$F$2:$H$361,3,false),1)="b","W",if(LEFT(VLOOKUP($B11,'Round 7'!$F$2:$H$361,3,false),1)="a","L",""))),"") -> L | K11: =iferror(iferror(if(LEFT(VLOOKUP($B11,'Round 8'!$B$2:$H$361,7,false),1)="A","W",if(LEFT(VLOOKUP($B11,'Round 8'!$B$2:$H$361,7,false),1)="B","L","")),if(LEFT(VLOOKUP($B11,'Round 8'!$F$2:$H$361,3,false),1)="b","W",if(LEFT(VLOOKUP($B11,'Round 8'!$F$2:$H$361,3,false),1)="a","L",""))),"") -> W | L11: =iferror(iferror(if(LEFT(VLOOKUP($B11,'Round 9'!$B$2:$H$361,7,false),1)="A","W",if(LEFT(VLOOKUP($B11,'Round 9'!$B$2:$H$361,7,false),1)="B","L","")),if(LEFT(VLOOKUP($B11,'Round 9'!$F$2:$H$361,3,false),1)="b","W",if(LEFT(VLOOKUP($B11,'Round 9'!$F$2:$H$361,3,false),1)="a","L",""))),"") -> W | M11: =iferror(iferror(if(LEFT(VLOOKUP($B11,'Round 10'!$B$2:$H$362,7,false),1)="A","W",if(LEFT(VLOOKUP($B11,'Round 10'!$B$2:$H$362,7,false),1)="B","L","")),if(LEFT(VLOOKUP($B11,'Round 10'!$F$2:$H$362,3,false),1)="b","W",if(LEFT(VLOOKUP($B11,'Round 10'!$F$2:$H$362,3,false),1)="a","L",""))),"") | N11: 259426043285340160
A12: 11 | B12: Blues | C12: =CONCATENATE(COUNTIF(D12:M12,"W") , " - " , COUNTIF(D12:M12, "L")) -> 6 - 3 | D12: =iferror(if(LEFT(VLOOKUP($B12,'Round 1'!$B$2:$H$361,7,false),1)="A","W",if(LEFT(VLOOKUP($B12,'Round 1'!$B$2:$H$361,7,false),1)="B","L","")),if(LEFT(VLOOKUP($B12,'Round 1'!$F$2:$H$361,3,false),1)="b","W",if(LEFT(VLOOKUP($B12,'Round 1'!$F$2:$H$361,3,false),1)="a","L",""))) -> W | E12: =iferror(if(LEFT(VLOOKUP($B12,'Round 2'!$C$2:$J$361,8,false),1)="A","W",if(LEFT(VLOOKUP($B12,'Round 2'!$C$2:$J$361,8,false),1)="B","L","")),if(LEFT(VLOOKUP($B12,'Round 2'!$G$2:$J$361,4,false),1)="b","W",if(LEFT(VLOOKUP($B12,'Round 2'!$G$2:$J$361,4,false),1)="a","L",""))) -> W | F12: =iferror(if(LEFT(VLOOKUP($B12,'Round 3'!$B$2:$H$361,7,false),1)="A","W",if(LEFT(VLOOKUP($B12,'Round 3'!$B$2:$H$361,7,false),1)="B","L","")),if(LEFT(VLOOKUP($B12,'Round 3'!$F$2:$H$361,3,false),1)="b","W",if(LEFT(VLOOKUP($B12,'Round 3'!$F$2:$H$361,3,false),1)="a","L",""))) -> L | G12: =iferror(if(LEFT(VLOOKUP($B12,'Round 4'!$B$2:$H$361,7,false),1)="A","W",if(LEFT(VLOOKUP($B12,'Round 4'!$B$2:$H$361,7,false),1)="B","L","")),if(LEFT(VLOOKUP($B12,'Round 4'!$F$2:$H$361,3,false),1)="b","W",if(LEFT(VLOOKUP($B12,'Round 4'!$F$2:$H$361,3,false),1)="a","L",""))) -> W | H12: =iferror(if(LEFT(VLOOKUP($B12,'Round 5'!$B$2:$H$361,7,false),1)="A","W",if(LEFT(VLOOKUP($B12,'Round 5'!$B$2:$H$361,7,false),1)="B","L","")),if(LEFT(VLOOKUP($B12,'Round 5'!$F$2:$H$361,3,false),1)="b","W",if(LEFT(VLOOKUP($B12,'Round 5'!$F$2:$H$361,3,false),1)="a","L",""))) -> W | I12: =iferror(if(LEFT(VLOOKUP($B12,'Round 6'!$B$2:$H$361,7,false),1)="A","W",if(LEFT(VLOOKUP($B12,'Round 6'!$B$2:$H$361,7,false),1)="B","L","")),if(LEFT(VLOOKUP($B12,'Round 6'!$F$2:$H$361,3,false),1)="b","W",if(LEFT(VLOOKUP($B12,'Round 6'!$F$2:$H$361,3,false),1)="a","L",""))) -> W | J12: =iferror(iferror(if(LEFT(VLOOKUP($B12,'Round 7'!$B$2:$H$361,7,false),1)="A","W",if(LEFT(VLOOKUP($B12,'Round 7'!$B$2:$H$361,7,false),1)="B","L","")),if(LEFT(VLOOKUP($B12,'Round 7'!$F$2:$H$361,3,false),1)="b","W",if(LEFT(VLOOKUP($B12,'Round 7'!$F$2:$H$361,3,false),1)="a","L",""))),"") -> W | K12: =iferror(iferror(if(LEFT(VLOOKUP($B12,'Round 8'!$B$2:$H$361,7,false),1)="A","W",if(LEFT(VLOOKUP($B12,'Round 8'!$B$2:$H$361,7,false),1)="B","L","")),if(LEFT(VLOOKUP($B12,'Round 8'!$F$2:$H$361,3,false),1)="b","W",if(LEFT(VLOOKUP($B12,'Round 8'!$F$2:$H$361,3,false),1)="a","L",""))),"") -> L | L12: =iferror(iferror(if(LEFT(VLOOKUP($B12,'Round 9'!$B$2:$H$361,7,false),1)="A","W",if(LEFT(VLOOKUP($B12,'Round 9'!$B$2:$H$361,7,false),1)="B","L","")),if(LEFT(VLOOKUP($B12,'Round 9'!$F$2:$H$361,3,false),1)="b","W",if(LEFT(VLOOKUP($B12,'Round 9'!$F$2:$H$361,3,false),1)="a","L",""))),"") -> L | M12: =iferror(iferror(if(LEFT(VLOOKUP($B12,'Round 10'!$B$2:$H$362,7,false),1)="A","W",if(LEFT(VLOOKUP($B12,'Round 10'!$B$2:$H$362,7,false),1)="B","L","")),if(LEFT(VLOOKUP($B12,'Round 10'!$F$2:$H$362,3,false),1)="b","W",if(LEFT(VLOOKUP($B12,'Round 10'!$F$2:$H$362,3,false),1)="a","L",""))),"") | N12: 687987394292482066
A13: 12 | B13: Pak | C13: =CONCATENATE(COUNTIF(D13:M13,"W") , " - " , COUNTIF(D13:M13, "L")) -> 8 - 1 | D13: =iferror(if(LEFT(VLOOKUP($B13,'Round 1'!$B$2:$H$361,7,false),1)="A","W",if(LEFT(VLOOKUP($B13,'Round 1'!$B$2:$H$361,7,false),1)="B","L","")),if(LEFT(VLOOKUP($B13,'Round 1'!$F$2:$H$361,3,false),1)="b","W",if(LEFT(VLOOKUP($B13,'Round 1'!$F$2:$H$361,3,false),1)="a","L",""))) -> W | E13: =iferror(if(LEFT(VLOOKUP($B13,'Round 2'!$C$2:$J$361,8,false),1)="A","W",if(LEFT(VLOOKUP($B13,'Round 2'!$C$2:$J$361,8,false),1)="B","L","")),if(LEFT(VLOOKUP($B13,'Round 2'!$G$2:$J$361,4,false),1)="b","W",if(LEFT(VLOOKUP($B13,'Round 2'!$G$2:$J$361,4,false),1)="a","L",""))) -> L | F13: =iferror(if(LEFT(VLOOKUP($B13,'Round 3'!$B$2:$H$361,7,false),1)="A","W",if(LEFT(VLOOKUP($B13,'Round 3'!$B$2:$H$361,7,false),1)="B","L","")),if(LEFT(VLOOKUP($B13,'Round 3'!$F$2:$H$361,3,false),1)="b","W",if(LEFT(VLOOKUP($B13,'Round 3'!$F$2:$H$361,3,false),1)="a","L",""))) -> W | G13: =iferror(if(LEFT(VLOOKUP($B13,'Round 4'!$B$2:$H$361,7,false),1)="A","W",if(LEFT(VLOOKUP($B13,'Round 4'!$B$2:$H$361,7,false),1)="B","L","")),if(LEFT(VLOOKUP($B13,'Round 4'!$F$2:$H$361,3,false),1)="b","W",if(LEFT(VLOOKUP($B13,'Round 4'!$F$2:$H$361,3,false),1)="a","L",""))) -> W | H13: =iferror(if(LEFT(VLOOKUP($B13,'Round 5'!$B$2:$H$361,7,false),1)="A","W",if(LEFT(VLOOKUP($B13,'Round 5'!$B$2:$H$361,7,false),1)="B","L","")),if(LEFT(VLOOKUP($B13,'Round 5'!$F$2:$H$361,3,false),1)="b","W",if(LEFT(VLOOKUP($B13,'Round 5'!$F$2:$H$361,3,false),1)="a","L",""))) -> W | I13: =iferror(if(LEFT(VLOOKUP($B13,'Round 6'!$B$2:$H$361,7,false),1)="A","W",if(LEFT(VLOOKUP($B13,'Round 6'!$B$2:$H$361,7,false),1)="B","L","")),if(LEFT(VLOOKUP($B13,'Round 6'!$F$2:$H$361,3,false),1)="b","W",if(LEFT(VLOOKUP($B13,'Round 6'!$F$2:$H$361,3,false),1)="a","L",""))) -> W | J13: =iferror(iferror(if(LEFT(VLOOKUP($B13,'Round 7'!$B$2:$H$361,7,false),1)="A","W",if(LEFT(VLOOKUP($B13,'Round 7'!$B$2:$H$361,7,false),1)="B","L","")),if(LEFT(VLOOKUP($B13,'Round 7'!$F$2:$H$361,3,false),1)="b","W",if(LEFT(VLOOKUP($B13,'Round 7'!$F$2:$H$361,3,false),1)="a","L",""))),"") -> W | K13: =iferror(iferror(if(LEFT(VLOOKUP($B13,'Round 8'!$B$2:$H$361,7,false),1)="A","W",if(LEFT(VLOOKUP($B13,'Round 8'!$B$2:$H$361,7,false),1)="B","L","")),if(LEFT(VLOOKUP($B13,'Round 8'!$F$2:$H$361,3,false),1)="b","W",if(LEFT(VLOOKUP($B13,'Round 8'!$F$2:$H$361,3,false),1)="a","L",""))),"") -> W | L13: =iferror(iferror(if(LEFT(VLOOKUP($B13,'Round 9'!$B$2:$H$361,7,false),1)="A","W",if(LEFT(VLOOKUP($B13,'Round 9'!$B$2:$H$361,7,false),1)="B","L","")),if(LEFT(VLOOKUP($B13,'Round 9'!$F$2:$H$361,3,false),1)="b","W",if(LEFT(VLOOKUP($B13,'Round 9'!$F$2:$H$361,3,false),1)="a","L",""))),"") -> W | M13: =iferror(iferror(if(LEFT(VLOOKUP($B13,'Round 10'!$B$2:$H$362,7,false),1)="A","W",if(LEFT(VLOOKUP($B13,'Round 10'!$B$2:$H$362,7,false),1)="B","L","")),if(LEFT(VLOOKUP($B13,'Round 10'!$F$2:$H$362,3,false),1)="b","W",if(LEFT(VLOOKUP($B13,'Round 10'!$F$2:$H$362,3,false),1)="a","L",""))),"") | N13: 172884622986706945
A14: 13 | B14: River | C14: =CONCATENATE(COUNTIF(D14:M14,"W") , " - " , COUNTIF(D14:M14, "L")) -> 6 - 3 | D14: =iferror(if(LEFT(VLOOKUP($B14,'Round 1'!$B$2:$H$361,7,false),1)="A","W",if(LEFT(VLOOKUP($B14,'Round 1'!$B$2:$H$361,7,false),1)="B","L","")),if(LEFT(VLOOKUP($B14,'Round 1'!$F$2:$H$361,3,false),1)="b","W",if(LEFT(VLOOKUP($B14,'Round 1'!$F$2:$H$361,3,false),1)="a","L",""))) -> W | E14: =iferror(if(LEFT(VLOOKUP($B14,'Round 2'!$C$2:$J$361,8,false),1)="A","W",if(LEFT(VLOOKUP($B14,'Round 2'!$C$2:$J$361,8,false),1)="B","L","")),if(LEFT(VLOOKUP($B14,'Round 2'!$G$2:$J$361,4,false),1)="b","W",if(LEFT(VLOOKUP($B14,'Round 2'!$G$2:$J$361,4,false),1)="a","L",""))) -> W | F14: =iferror(if(LEFT(VLOOKUP($B14,'Round 3'!$B$2:$H$361,7,false),1)="A","W",if(LEFT(VLOOKUP($B14,'Round 3'!$B$2:$H$361,7,false),1)="B","L","")),if(LEFT(VLOOKUP($B14,'Round 3'!$F$2:$H$361,3,false),1)="b","W",if(LEFT(VLOOKUP($B14,'Round 3'!$F$2:$H$361,3,false),1)="a","L",""))) -> W | G14: =iferror(if(LEFT(VLOOKUP($B14,'Round 4'!$B$2:$H$361,7,false),1)="A","W",if(LEFT(VLOOKUP($B14,'Round 4'!$B$2:$H$361,7,false),1)="B","L","")),if(LEFT(VLOOKUP($B14,'Round 4'!$F$2:$H$361,3,false),1)="b","W",if(LEFT(VLOOKUP($B14,'Round 4'!$F$2:$H$361,3,false),1)="a","L",""))) -> W | H14: =iferror(if(LEFT(VLOOKUP($B14,'Round 5'!$B$2:$H$361,7,false),1)="A","W",if(LEFT(VLOOKUP($B14,'Round 5'!$B$2:$H$361,7,false),1)="B","L","")),if(LEFT(VLOOKUP($B14,'Round 5'!$F$2:$H$361,3,false),1)="b","W",if(LEFT(VLOOKUP($B14,'Round 5'!$F$2:$H$361,3,false),1)="a","L",""))) -> L | I14: =iferror(if(LEFT(VLOOKUP($B14,'Round 6'!$B$2:$H$361,7,false),1)="A","W",if(LEFT(VLOOKUP($B14,'Round 6'!$B$2:$H$361,7,false),1)="B","L","")),if(LEFT(VLOOKUP($B14,'Round 6'!$F$2:$H$361,3,false),1)="b","W",if(LEFT(VLOOKUP($B14,'Round 6'!$F$2:$H$361,3,false),1)="a","L",""))) -> W | J14: =iferror(iferror(if(LEFT(VLOOKUP($B14,'Round 7'!$B$2:$H$361,7,false),1)="A","W",if(LEFT(VLOOKUP($B14,'Round 7'!$B$2:$H$361,7,false),1)="B","L","")),if(LEFT(VLOOKUP($B14,'Round 7'!$F$2:$H$361,3,false),1)="b","W",if(LEFT(VLOOKUP($B14,'Round 7'!$F$2:$H$361,3,false),1)="a","L",""))),"") -> W | K14: =iferror(iferror(if(LEFT(VLOOKUP($B14,'Round 8'!$B$2:$H$361,7,false),1)="A","W",if(LEFT(VLOOKUP($B14,'Round 8'!$B$2:$H$361,7,false),1)="B","L","")),if(LEFT(VLOOKUP($B14,'Round 8'!$F$2:$H$361,3,false),1)="b","W",if(LEFT(VLOOKUP($B14,'Round 8'!$F$2:$H$361,3,false),1)="a","L",""))),"") -> L | L14: =iferror(iferror(if(LEFT(VLOOKUP($B14,'Round 9'!$B$2:$H$361,7,false),1)="A","W",if(LEFT(VLOOKUP($B14,'Round 9'!$B$2:$H$361,7,false),1)="B","L","")),if(LEFT(VLOOKUP($B14,'Round 9'!$F$2:$H$361,3,false),1)="b","W",if(LEFT(VLOOKUP($B14,'Round 9'!$F$2:$H$361,3,false),1)="a","L",""))),"") -> L | M14: =iferror(iferror(if(LEFT(VLOOKUP($B14,'Round 10'!$B$2:$H$362,7,false),1)="A","W",if(LEFT(VLOOKUP($B14,'Round 10'!$B$2:$H$362,7,false),1)="B","L","")),if(LEFT(VLOOKUP($B14,'Round 10'!$F$2:$H$362,3,false),1)="b","W",if(LEFT(VLOOKUP($B14,'Round 10'!$F$2:$H$362,3,false),1)="a","L",""))),"") | N14: 543280883000541224
A15: 14 | B15: Voyager | C15: =CONCATENATE(COUNTIF(D15:M15,"W") , " - " , COUNTIF(D15:M15, "L")) -> 7 - 2 | D15: =iferror(if(LEFT(VLOOKUP($B15,'Round 1'!$B$2:$H$361,7,false),1)="A","W",if(LEFT(VLOOKUP($B15,'Round 1'!$B$2:$H$361,7,false),1)="B","L","")),if(LEFT(VLOOKUP($B15,'Round 1'!$F$2:$H$361,3,false),1)="b","W",if(LEFT(VLOOKUP($B15,'Round 1'!$F$2:$H$361,3,false),1)="a","L",""))) -> W | E15: =iferror(if(LEFT(VLOOKUP($B15,'Round 2'!$C$2:$J$361,8,false),1)="A","W",if(LEFT(VLOOKUP($B15,'Round 2'!$C$2:$J$361,8,false),1)="B","L","")),if(LEFT(VLOOKUP($B15,'Round 2'!$G$2:$J$361,4,false),1)="b","W",if(LEFT(VLOOKUP($B15,'Round 2'!$G$2:$J$361,4,false),1)="a","L",""))) -> W | F15: =iferror(if(LEFT(VLOOKUP($B15,'Round 3'!$B$2:$H$361,7,false),1)="A","W",if(LEFT(VLOOKUP($B15,'Round 3'!$B$2:$H$361,7,false),1)="B","L","")),if(LEFT(VLOOKUP($B15,'Round 3'!$F$2:$H$361,3,false),1)="b","W",if(LEFT(VLOOKUP($B15,'Round 3'!$F$2:$H$361,3,false),1)="a","L",""))) -> W | G15: =iferror(if(LEFT(VLOOKUP($B15,'Round 4'!$B$2:$H$361,7,false),1)="A","W",if(LEFT(VLOOKUP($B15,'Round 4'!$B$2:$H$361,7,false),1)="B","L","")),if(LEFT(VLOOKUP($B15,'Round 4'!$F$2:$H$361,3,false),1)="b","W",if(LEFT(VLOOKUP($B15,'Round 4'!$F$2:$H$361,3,false),1)="a","L",""))) -> L | H15: =iferror(if(LEFT(VLOOKUP($B15,'Round 5'!$B$2:$H$361,7,false),1)="A","W",if(LEFT(VLOOKUP($B15,'Round 5'!$B$2:$H$361,7,false),1)="B","L","")),if(LEFT(VLOOKUP($B15,'Round 5'!$F$2:$H$361,3,false),1)="b","W",if(LEFT(VLOOKUP($B15,'Round 5'!$F$2:$H$361,3,false),1)="a","L",""))) -> L | I15: =iferror(if(LEFT(VLOOKUP($B15,'Round 6'!$B$2:$H$361,7,false),1)="A","W",if(LEFT(VLOOKUP($B15,'Round 6'!$B$2:$H$361,7,false),1)="B","L","")),if(LEFT(VLOOKUP($B15,'Round 6'!$F$2:$H$361,3,false),1)="b","W",if(LEFT(VLOOKUP($B15,'Round 6'!$F$2:$H$361,3,false),1)="a","L",""))) -> W | J15: =iferror(iferror(if(LEFT(VLOOKUP($B15,'Round 7'!$B$2:$H$361,7,false),1)="A","W",if(LEFT(VLOOKUP($B15,'Round 7'!$B$2:$H$361,7,false),1)="B","L","")),if(LEFT(VLOOKUP($B15,'Round 7'!$F$2:$H$361,3,false),1)="b","W",if(LEFT(VLOOKUP($B15,'Round 7'!$F$2:$H$361,3,false),1)="a","L",""))),"") -> W | K15: =iferror(iferror(if(LEFT(VLOOKUP($B15,'Round 8'!$B$2:$H$361,7,false),1)="A","W",if(LEFT(VLOOKUP($B15,'Round 8'!$B$2:$H$361,7,false),1)="B","L","")),if(LEFT(VLOOKUP($B15,'Round 8'!$F$2:$H$361,3,false),1)="b","W",if(LEFT(VLOOKUP($B15,'Round 8'!$F$2:$H$361,3,false),1)="a","L",""))),"") -> W | L15: =iferror(iferror(if(LEFT(VLOOKUP($B15,'Round 9'!$B$2:$H$361,7,false),1)="A","W",if(LEFT(VLOOKUP($B15,'Round 9'!$B$2:$H$361,7,false),1)="B","L","")),if(LEFT(VLOOKUP($B15,'Round 9'!$F$2:$H$361,3,false),1)="b","W",if(LEFT(VLOOKUP($B15,'Round 9'!$F$2:$H$361,3,false),1)="a","L",""))),"") -> W | M15: =iferror(iferror(if(LEFT(VLOOKUP($B15,'Round 10'!$B$2:$H$362,7,false),1)="A","W",if(LEFT(VLOOKUP($B15,'Round 10'!$B$2:$H$362,7,false),1)="B","L","")),if(LEFT(VLOOKUP($B15,'Round 10'!$F$2:$H$362,3,false),1)="b","W",if(LEFT(VLOOKUP($B15,'Round 10'!$F$2:$H$362,3,false),1)="a","L",""))),"") | N15: 554730792488534056
A16: 15 | B16: Carapinga | C16: =CONCATENATE(COUNTIF(D16:M16,"W") , " - " , COUNTIF(D16:M16, "L")) -> 5 - 3 | D16: =iferror(if(LEFT(VLOOKUP($B16,'Round 1'!$B$2:$H$361,7,false),1)="A","W",if(LEFT(VLOOKUP($B16,'Round 1'!$B$2:$H$361,7,false),1)="B","L","")),if(LEFT(VLOOKUP($B16,'Round 1'!$F$2:$H$361,3,false),1)="b","W",if(LEFT(VLOOKUP($B16,'Round 1'!$F$2:$H$361,3,false),1)="a","L",""))) -> W | E16: =iferror(if(LEFT(VLOOKUP($B16,'Round 2'!$C$2:$J$361,8,false),1)="A","W",if(LEFT(VLOOKUP($B16,'Round 2'!$C$2:$J$361,8,false),1)="B","L","")),if(LEFT(VLOOKUP($B16,'Round 2'!$G$2:$J$361,4,false),1)="b","W",if(LEFT(VLOOKUP($B16,'Round 2'!$G$2:$J$361,4,false),1)="a","L",""))) -> W | F16: =iferror(if(LEFT(VLOOKUP($B16,'Round 3'!$B$2:$H$361,7,false),1)="A","W",if(LEFT(VLOOKUP($B16,'Round 3'!$B$2:$H$361,7,false),1)="B","L","")),if(LEFT(VLOOKUP($B16,'Round 3'!$F$2:$H$361,3,false),1)="b","W",if(LEFT(VLOOKUP($B16,'Round 3'!$F$2:$H$361,3,false),1)="a","L",""))) -> W | G16: =iferror(if(LEFT(VLOOKUP($B16,'Round 4'!$B$2:$H$361,7,false),1)="A","W",if(LEFT(VLOOKUP($B16,'Round 4'!$B$2:$H$361,7,false),1)="B","L","")),if(LEFT(VLOOKUP($B16,'Round 4'!$F$2:$H$361,3,false),1)="b","W",if(LEFT(VLOOKUP($B16,'Round 4'!$F$2:$H$361,3,false),1)="a","L",""))) -> W | H16: =iferror(if(LEFT(VLOOKUP($B16,'Round 5'!$B$2:$H$361,7,false),1)="A","W",if(LEFT(VLOOKUP($B16,'Round 5'!$B$2:$H$361,7,false),1)="B","L","")),if(LEFT(VLOOKUP($B16,'Round 5'!$F$2:$H$361,3,false),1)="b","W",if(LEFT(VLOOKUP($B16,'Round 5'!$F$2:$H$361,3,false),1)="a","L",""))) -> L | I16: =iferror(if(LEFT(VLOOKUP($B16,'Round 6'!$B$2:$H$361,7,false),1)="A","W",if(LEFT(VLOOKUP($B16,'Round 6'!$B$2:$H$361,7,false),1)="B","L","")),if(LEFT(VLOOKUP($B16,'Round 6'!$F$2:$H$361,3,false),1)="b","W",if(LEFT(VLOOKUP($B16,'Round 6'!$F$2:$H$361,3,false),1)="a","L",""))) -> W | J16: =iferror(iferror(if(LEFT(VLOOKUP($B16,'Round 7'!$B$2:$H$361,7,false),1)="A","W",if(LEFT(VLOOKUP($B16,'Round 7'!$B$2:$H$361,7,false),1)="B","L","")),if(LEFT(VLOOKUP($B16,'Round 7'!$F$2:$H$361,3,false),1)="b","W",if(LEFT(VLOOKUP($B16,'Round 7'!$F$2:$H$361,3,false),1)="a","L",""))),"") -> L | K16: =iferror(iferror(if(LEFT(VLOOKUP($B16,'Round 8'!$B$2:$H$361,7,false),1)="A","W",if(LEFT(VLOOKUP($B16,'Round 8'!$B$2:$H$361,7,false),1)="B","L","")),if(LEFT(VLOOKUP($B16,'Round 8'!$F$2:$H$361,3,false),1)="b","W",if(LEFT(VLOOKUP($B16,'Round 8'!$F$2:$H$361,3,false),1)="a","L",""))),"") -> L | L16: =iferror(iferror(if(LEFT(VLOOKUP($B16,'Round 9'!$B$2:$H$361,7,false),1)="A","W",if(LEFT(VLOOKUP($B16,'Round 9'!$B$2:$H$361,7,false),1)="B","L","")),if(LEFT(VLOOKUP($B16,'Round 9'!$F$2:$H$361,3,false),1)="b","W",if(LEFT(VLOOKUP($B16,'Round 9'!$F$2:$H$361,3,false),1)="a","L",""))),"") | M16: =iferror(iferror(if(LEFT(VLOOKUP($B16,'Round 10'!$B$2:$H$362,7,false),1)="A","W",if(LEFT(VLOOKUP($B16,'Round 10'!$B$2:$H$362,7,false),1)="B","L","")),if(LEFT(VLOOKUP($B16,'Round 10'!$F$2:$H$362,3,false),1)="b","W",if(LEFT(VLOOKUP($B16,'Round 10'!$F$2:$H$362,3,false),1)="a","L",""))),"") | N16: 475993004994330629
A17: 16 | B17: Mielke | C17: =CONCATENATE(COUNTIF(D17:M17,"W") , " - " , COUNTIF(D17:M17, "L")) -> 8 - 1 | D17: =iferror(if(LEFT(VLOOKUP($B17,'Round 1'!$B$2:$H$361,7,false),1)="A","W",if(LEFT(VLOOKUP($B17,'Round 1'!$B$2:$H$361,7,false),1)="B","L","")),if(LEFT(VLOOKUP($B17,'Round 1'!$F$2:$H$361,3,false),1)="b","W",if(LEFT(VLOOKUP($B17,'Round 1'!$F$2:$H$361,3,false),1)="a","L",""))) -> W | E17: =iferror(if(LEFT(VLOOKUP($B17,'Round 2'!$C$2:$J$361,8,false),1)="A","W",if(LEFT(VLOOKUP($B17,'Round 2'!$C$2:$J$361,8,false),1)="B","L","")),if(LEFT(VLOOKUP($B17,'Round 2'!$G$2:$J$361,4,false),1)="b","W",if(LEFT(VLOOKUP($B17,'Round 2'!$G$2:$J$361,4,false),1)="a","L",""))) -> W | F17: =iferror(if(LEFT(VLOOKUP($B17,'Round 3'!$B$2:$H$361,7,false),1)="A","W",if(LEFT(VLOOKUP($B17,'Round 3'!$B$2:$H$361,7,false),1)="B","L","")),if(LEFT(VLOOKUP($B17,'Round 3'!$F$2:$H$361,3,false),1)="b","W",if(LEFT(VLOOKUP($B17,'Round 3'!$F$2:$H$361,3,false),1)="a","L",""))) -> W | G17: =iferror(if(LEFT(VLOOKUP($B17,'Round 4'!$B$2:$H$361,7,false),1)="A","W",if(LEFT(VLOOKUP($B17,'Round 4'!$B$2:$H$361,7,false),1)="B","L","")),if(LEFT(VLOOKUP($B17,'Round 4'!$F$2:$H$361,3,false),1)="b","W",if(LEFT(VLOOKUP($B17,'Round 4'!$F$2:$H$361,3,false),1)="a","L",""))) -> W | H17: =iferror(if(LEFT(VLOOKUP($B17,'Round 5'!$B$2:$H$361,7,false),1)="A","W",if(LEFT(VLOOKUP($B17,'Round 5'!$B$2:$H$361,7,false),1)="B","L","")),if(LEFT(VLOOKUP($B17,'Round 5'!$F$2:$H$361,3,false),1)="b","W",if(LEFT(VLOOKUP($B17,'Round 5'!$F$2:$H$361,3,false),1)="a","L",""))) -> W | I17: =iferror(if(LEFT(VLOOKUP($B17,'Round 6'!$B$2:$H$361,7,false),1)="A","W",if(LEFT(VLOOKUP($B17,'Round 6'!$B$2:$H$361,7,false),1)="B","L","")),if(LEFT(VLOOKUP($B17,'Round 6'!$F$2:$H$361,3,false),1)="b","W",if(LEFT(VLOOKUP($B17,'Round 6'!$F$2:$H$361,3,false),1)="a","L",""))) -> W | J17: =iferror(iferror(if(LEFT(VLOOKUP($B17,'Round 7'!$B$2:$H$361,7,false),1)="A","W",if(LEFT(VLOOKUP($B17,'Round 7'!$B$2:$H$361,7,false),1)="B","L","")),if(LEFT(VLOOKUP($B17,'Round 7'!$F$2:$H$361,3,false),1)="b","W",if(LEFT(VLOOKUP($B17,'Round 7'!$F$2:$H$361,3,false),1)="a","L",""))),"") -> W | K17: =iferror(iferror(if(LEFT(VLOOKUP($B17,'Round 8'!$B$2:$H$361,7,false),1)="A","W",if(LEFT(VLOOKUP($B17,'Round 8'!$B$2:$H$361,7,false),1)="B","L","")),if(LEFT(VLOOKUP($B17,'Round 8'!$F$2:$H$361,3,false),1)="b","W",if(LEFT(VLOOKUP($B17,'Round 8'!$F$2:$H$361,3,false),1)="a","L",""))),"") -> L | L17: =iferror(iferror(if(LEFT(VLOOKUP($B17,'Round 9'!$B$2:$H$361,7,false),1)="A","W",if(LEFT(VLOOKUP($B17,'Round 9'!$B$2:$H$361,7,false),1)="B","L","")),if(LEFT(VLOOKUP($B17,'Round 9'!$F$2:$H$361,3,false),1)="b","W",if(LEFT(VLOOKUP($B17,'Round 9'!$F$2:$H$361,3,false),1)="a","L",""))),"") -> W | M17: =iferror(iferror(if(LEFT(VLOOKUP($B17,'Round 10'!$B$2:$H$362,7,false),1)="A","W",if(LEFT(VLOOKUP($B17,'Round 10'!$B$2:$H$362,7,false),1)="B","L","")),if(LEFT(VLOOKUP($B17,'Round 10'!$F$2:$H$362,3,false),1)="b","W",if(LEFT(VLOOKUP($B17,'Round 10'!$F$2:$H$362,3,false),1)="a","L",""))),"") | N17: 324650949371232257
A18: 17 | B18: Tyros | C18: =CONCATENATE(COUNTIF(D18:M18,"W") , " - " , COUNTIF(D18:M18, "L")) -> 2 - 3 | D18: =iferror(if(LEFT(VLOOKUP($B18,'Round 1'!$B$2:$H$361,7,false),1)="A","W",if(LEFT(VLOOKUP($B18,'Round 1'!$B$2:$H$361,7,false),1)="B","L","")),if(LEFT(VLOOKUP($B18,'Round 1'!$F$2:$H$361,3,false),1)="b","W",if(LEFT(VLOOKUP($B18,'Round 1'!$F$2:$H$361,3,false),1)="a","L",""))) -> W | E18: =iferror(if(LEFT(VLOOKUP($B18,'Round 2'!$C$2:$J$361,8,false),1)="A","W",if(LEFT(VLOOKUP($B18,'Round 2'!$C$2:$J$361,8,false),1)="B","L","")),if(LEFT(VLOOKUP($B18,'Round 2'!$G$2:$J$361,4,false),1)="b","W",if(LEFT(VLOOKUP($B18,'Round 2'!$G$2:$J$361,4,false),1)="a","L",""))) -> W | F18: =iferror(if(LEFT(VLOOKUP($B18,'Round 3'!$B$2:$H$361,7,false),1)="A","W",if(LEFT(VLOOKUP($B18,'Round 3'!$B$2:$H$361,7,false),1)="B","L","")),if(LEFT(VLOOKUP($B18,'Round 3'!$F$2:$H$361,3,false),1)="b","W",if(LEFT(VLOOKUP($B18,'Round 3'!$F$2:$H$361,3,false),1)="a","L",""))) -> L | G18: =iferror(if(LEFT(VLOOKUP($B18,'Round 4'!$B$2:$H$361,7,false),1)="A","W",if(LEFT(VLOOKUP($B18,'Round 4'!$B$2:$H$361,7,false),1)="B","L","")),if(LEFT(VLOOKUP($B18,'Round 4'!$F$2:$H$361,3,false),1)="b","W",if(LEFT(VLOOKUP($B18,'Round 4'!$F$2:$H$361,3,false),1)="a","L",""))) -> L | H18: =iferror(if(LEFT(VLOOKUP($B18,'Round 5'!$B$2:$H$361,7,false),1)="A","W",if(LEFT(VLOOKUP($B18,'Round 5'!$B$2:$H$361,7,false),1)="B","L","")),if(LEFT(VLOOKUP($B18,'Round 5'!$F$2:$H$361,3,false),1)="b","W",if(LEFT(VLOOKUP($B18,'Round 5'!$F$2:$H$361,3,false),1)="a","L",""))) -> L | J18: =iferror(iferror(if(LEFT(VLOOKUP($B18,'Round 7'!$B$2:$H$361,7,false),1)="A","W",if(LEFT(VLOOKUP($B18,'Round 7'!$B$2:$H$361,7,false),1)="B","L","")),if(LEFT(VLOOKUP($B18,'Round 7'!$F$2:$H$361,3,false),1)="b","W",if(LEFT(VLOOKUP($B18,'Round 7'!$F$2:$H$361,3,false),1)="a","L",""))),"") | K18: =iferror(iferror(if(LEFT(VLOOKUP($B18,'Round 8'!$B$2:$H$361,7,false),1)="A","W",if(LEFT(VLOOKUP($B18,'Round 8'!$B$2:$H$361,7,false),1)="B","L","")),if(LEFT(VLOOKUP($B18,'Round 8'!$F$2:$H$361,3,false),1)="b","W",if(LEFT(VLOOKUP($B18,'Round 8'!$F$2:$H$361,3,false),1)="a","L",""))),"") | L18: =iferror(iferror(if(LEFT(VLOOKUP($B18,'Round 9'!$B$2:$H$361,7,false),1)="A","W",if(LEFT(VLOOKUP($B18,'Round 9'!$B$2:$H$361,7,false),1)="B","L","")),if(LEFT(VLOOKUP($B18,'Round 9'!$F$2:$H$361,3,false),1)="b","W",if(LEFT(VLOOKUP($B18,'Round 9'!$F$2:$H$361,3,false),1)="a","L",""))),"") | M18: =iferror(iferror(if(LEFT(VLOOKUP($B18,'Round 10'!$B$2:$H$362,7,false),1)="A","W",if(LEFT(VLOOKUP($B18,'Round 10'!$B$2:$H$362,7,false),1)="B","L","")),if(LEFT(VLOOKUP($B18,'Round 10'!$F$2:$H$362,3,false),1)="b","W",if(LEFT(VLOOKUP($B18,'Round 10'!$F$2:$H$362,3,false),1)="a","L",""))),"") | N18: 417524121719799819
A19: 18 | B19: Pokology | C19: =CONCATENATE(COUNTIF(D19:M19,"W") , " - " , COUNTIF(D19:M19, "L")) -> 7 - 2 | D19: =iferror(if(LEFT(VLOOKUP($B19,'Round 1'!$B$2:$H$361,7,false),1)="A","W",if(LEFT(VLOOKUP($B19,'Round 1'!$B$2:$H$361,7,false),1)="B","L","")),if(LEFT(VLOOKUP($B19,'Round 1'!$F$2:$H$361,3,false),1)="b","W",if(LEFT(VLOOKUP($B19,'Round 1'!$F$2:$H$361,3,false),1)="a","L",""))) -> W | E19: =iferror(if(LEFT(VLOOKUP($B19,'Round 2'!$C$2:$J$361,8,false),1)="A","W",if(LEFT(VLOOKUP($B19,'Round 2'!$C$2:$J$361,8,false),1)="B","L","")),if(LEFT(VLOOKUP($B19,'Round 2'!$G$2:$J$361,4,false),1)="b","W",if(LEFT(VLOOKUP($B19,'Round 2'!$G$2:$J$361,4,false),1)="a","L",""))) -> W | F19: =iferror(if(LEFT(VLOOKUP($B19,'Round 3'!$B$2:$H$361,7,false),1)="A","W",if(LEFT(VLOOKUP($B19,'Round 3'!$B$2:$H$361,7,false),1)="B","L","")),if(LEFT(VLOOKUP($B19,'Round 3'!$F$2:$H$361,3,false),1)="b","W",if(LEFT(VLOOKUP($B19,'Round 3'!$F$2:$H$361,3,false),1)="a","L",""))) -> W | G19: =iferror(if(LEFT(VLOOKUP($B19,'Round 4'!$B$2:$H$361,7,false),1)="A","W",if(LEFT(VLOOKUP($B19,'Round 4'!$B$2:$H$361,7,false),1)="B","L","")),if(LEFT(VLOOKUP($B19,'Round 4'!$F$2:$H$361,3,false),1)="b","W",if(LEFT(VLOOKUP($B19,'Round 4'!$F$2:$H$361,3,false),1)="a","L",""))) -> W | H19: =iferror(if(LEFT(VLOOKUP($B19,'Round 5'!$B$2:$H$361,7,false),1)="A","W",if(LEFT(VLOOKUP($B19,'Round 5'!$B$2:$H$361,7,false),1)="B","L","")),if(LEFT(VLOOKUP($B19,'Round 5'!$F$2:$H$361,3,false),1)="b","W",if(LEFT(VLOOKUP($B19,'Round 5'!$F$2:$H$361,3,false),1)="a","L",""))) -> W | I19: =iferror(if(LEFT(VLOOKUP($B19,'Round 6'!$B$2:$H$361,7,false),1)="A","W",if(LEFT(VLOOKUP($B19,'Round 6'!$B$2:$H$361,7,false),1)="B","L","")),if(LEFT(VLOOKUP($B19,'Round 6'!$F$2:$H$361,3,false),1)="b","W",if(LEFT(VLOOKUP($B19,'Round 6'!$F$2:$H$361,3,false),1)="a","L",""))) -> W | J19: =iferror(iferror(if(LEFT(VLOOKUP($B19,'Round 7'!$B$2:$H$361,7,false),1)="A","W",if(LEFT(VLOOKUP($B19,'Round 7'!$B$2:$H$361,7,false),1)="B","L","")),if(LEFT(VLOOKUP($B19,'Round 7'!$F$2:$H$361,3,false),1)="b","W",if(LEFT(VLOOKUP($B19,'Round 7'!$F$2:$H$361,3,false),1)="a","L",""))),"") -> L | K19: =iferror(iferror(if(LEFT(VLOOKUP($B19,'Round 8'!$B$2:$H$361,7,false),1)="A","W",if(LEFT(VLOOKUP($B19,'Round 8'!$B$2:$H$361,7,false),1)="B","L","")),if(LEFT(VLOOKUP($B19,'Round 8'!$F$2:$H$361,3,false),1)="b","W",if(LEFT(VLOOKUP($B19,'Round 8'!$F$2:$H$361,3,false),1)="a","L",""))),"") -> W | L19: =iferror(iferror(if(LEFT(VLOOKUP($B19,'Round 9'!$B$2:$H$361,7,false),1)="A","W",if(LEFT(VLOOKUP($B19,'Round 9'!$B$2:$H$361,7,false),1)="B","L","")),if(LEFT(VLOOKUP($B19,'Round 9'!$F$2:$H$361,3,false),1)="b","W",if(LEFT(VLOOKUP($B19,'Round 9'!$F$2:$H$361,3,false),1)="a","L",""))),"") -> L | M19: =iferror(iferror(if(LEFT(VLOOKUP($B19,'Round 10'!$B$2:$H$362,7,false),1)="A","W",if(LEFT(VLOOKUP($B19,'Round 10'!$B$2:$H$362,7,false),1)="B","L","")),if(LEFT(VLOOKUP($B19,'Round 10'!$F$2:$H$362,3,false),1)="b","W",if(LEFT(VLOOKUP($B19,'Round 10'!$F$2:$H$362,3,false),1)="a","L",""))),"") | N19: 647891006347542566
A20: 19 | B20: void | C20: =CONCATENATE(COUNTIF(D20:M20,"W") , " - " , COUNTIF(D20:M20, "L")) -> 7 - 2 | D20: =iferror(if(LEFT(VLOOKUP($B20,'Round 1'!$B$2:$H$361,7,false),1)="A","W",if(LEFT(VLOOKUP($B20,'Round 1'!$B$2:$H$361,7,false),1)="B","L","")),if(LEFT(VLOOKUP($B20,'Round 1'!$F$2:$H$361,3,false),1)="b","W",if(LEFT(VLOOKUP($B20,'Round 1'!$F$2:$H$361,3,false),1)="a","L",""))) -> W | E20: =iferror(if(LEFT(VLOOKUP($B20,'Round 2'!$C$2:$J$361,8,false),1)="A","W",if(LEFT(VLOOKUP($B20,'Round 2'!$C$2:$J$361,8,false),1)="B","L","")),if(LEFT(VLOOKUP($B20,'Round 2'!$G$2:$J$361,4,false),1)="b","W",if(LEFT(VLOOKUP($B20,'Round 2'!$G$2:$J$361,4,false),1)="a","L",""))) -> L | F20: =iferror(if(LEFT(VLOOKUP($B20,'Round 3'!$B$2:$H$361,7,false),1)="A","W",if(LEFT(VLOOKUP($B20,'Round 3'!$B$2:$H$361,7,false),1)="B","L","")),if(LEFT(VLOOKUP($B20,'Round 3'!$F$2:$H$361,3,false),1)="b","W",if(LEFT(VLOOKUP($B20,'Round 3'!$F$2:$H$361,3,false),1)="a","L",""))) -> W | G20: =iferror(if(LEFT(VLOOKUP($B20,'Round 4'!$B$2:$H$361,7,false),1)="A","W",if(LEFT(VLOOKUP($B20,'Round 4'!$B$2:$H$361,7,false),1)="B","L","")),if(LEFT(VLOOKUP($B20,'Round 4'!$F$2:$H$361,3,false),1)="b","W",if(LEFT(VLOOKUP($B20,'Round 4'!$F$2:$H$361,3,false),1)="a","L",""))) -> W | H20: =iferror(if(LEFT(VLOOKUP($B20,'Round 5'!$B$2:$H$361,7,false),1)="A","W",if(LEFT(VLOOKUP($B20,'Round 5'!$B$2:$H$361,7,false),1)="B","L","")),if(LEFT(VLOOKUP($B20,'Round 5'!$F$2:$H$361,3,false),1)="b","W",if(LEFT(VLOOKUP($B20,'Round 5'!$F$2:$H$361,3,false),1)="a","L",""))) -> L | I20: =iferror(if(LEFT(VLOOKUP($B20,'Round 6'!$B$2:$H$361,7,false),1)="A","W",if(LEFT(VLOOKUP($B20,'Round 6'!$B$2:$H$361,7,false),1)="B","L","")),if(LEFT(VLOOKUP($B20,'Round 6'!$F$2:$H$361,3,false),1)="b","W",if(LEFT(VLOOKUP($B20,'Round 6'!$F$2:$H$361,3,false),1)="a","L",""))) -> W | J20: =iferror(iferror(if(LEFT(VLOOKUP($B20,'Round 7'!$B$2:$H$361,7,false),1)="A","W",if(LEFT(VLOOKUP($B20,'Round 7'!$B$2:$H$361,7,false),1)="B","L","")),if(LEFT(VLOOKUP($B20,'Round 7'!$F$2:$H$361,3,false),1)="b","W",if(LEFT(VLOOKUP($B20,'Round 7'!$F$2:$H$361,3,false),1)="a","L",""))),"") -> W | K20: =iferror(iferror(if(LEFT(VLOOKUP($B20,'Round 8'!$B$2:$H$361,7,false),1)="A","W",if(LEFT(VLOOKUP($B20,'Round 8'!$B$2:$H$361,7,false),1)="B","L","")),if(LEFT(VLOOKUP($B20,'Round 8'!$F$2:$H$361,3,false),1)="b","W",if(LEFT(VLOOKUP($B20,'Round 8'!$F$2:$H$361,3,false),1)="a","L",""))),"") -> W | L20: =iferror(iferror(if(LEFT(VLOOKUP($B20,'Round 9'!$B$2:$H$361,7,false),1)="A","W",if(LEFT(VLOOKUP($B20,'Round 9'!$B$2:$H$361,7,false),1)="B","L","")),if(LEFT(VLOOKUP($B20,'Round 9'!$F$2:$H$361,3,false),1)="b","W",if(LEFT(VLOOKUP($B20,'Round 9'!$F$2:$H$361,3,false),1)="a","L",""))),"") -> W | M20: =iferror(iferror(if(LEFT(VLOOKUP($B20,'Round 10'!$B$2:$H$362,7,false),1)="A","W",if(LEFT(VLOOKUP($B20,'Round 10'!$B$2:$H$362,7,false),1)="B","L","")),if(LEFT(VLOOKUP($B20,'Round 10'!$F$2:$H$362,3,false),1)="b","W",if(LEFT(VLOOKUP($B20,'Round 10'!$F$2:$H$362,3,false),1)="a","L",""))),"") | N20: 153249462641229824
A21: 20 | B21: Mayo | C21: =CONCATENATE(COUNTIF(D21:M21,"W") , " - " , COUNTIF(D21:M21, "L")) -> 5 - 3 | D21: =iferror(if(LEFT(VLOOKUP($B21,'Round 1'!$B$2:$H$361,7,false),1)="A","W",if(LEFT(VLOOKUP($B21,'Round 1'!$B$2:$H$361,7,false),1)="B","L","")),if(LEFT(VLOOKUP($B21,'Round 1'!$F$2:$H$361,3,false),1)="b","W",if(LEFT(VLOOKUP($B21,'Round 1'!$F$2:$H$361,3,false),1)="a","L",""))) -> L | E21: =iferror(if(LEFT(VLOOKUP($B21,'Round 2'!$C$2:$J$361,8,false),1)="A","W",if(LEFT(VLOOKUP($B21,'Round 2'!$C$2:$J$361,8,false),1)="B","L","")),if(LEFT(VLOOKUP($B21,'Round 2'!$G$2:$J$361,4,false),1)="b","W",if(LEFT(VLOOKUP($B21,'Round 2'!$G$2:$J$361,4,false),1)="a","L",""))) -> W | F21: =iferror(if(LEFT(VLOOKUP($B21,'Round 3'!$B$2:$H$361,7,false),1)="A","W",if(LEFT(VLOOKUP($B21,'Round 3'!$B$2:$H$361,7,false),1)="B","L","")),if(LEFT(VLOOKUP($B21,'Round 3'!$F$2:$H$361,3,false),1)="b","W",if(LEFT(VLOOKUP($B21,'Round 3'!$F$2:$H$361,3,false),1)="a","L",""))) -> W | G21: =iferror(if(LEFT(VLOOKUP($B21,'Round 4'!$B$2:$H$361,7,false),1)="A","W",if(LEFT(VLOOKUP($B21,'Round 4'!$B$2:$H$361,7,false),1)="B","L","")),if(LEFT(VLOOKUP($B21,'Round 4'!$F$2:$H$361,3,false),1)="b","W",if(LEFT(VLOOKUP($B21,'Round 4'!$F$2:$H$361,3,false),1)="a","L",""))) -> W | H21: =iferror(if(LEFT(VLOOKUP($B21,'Round 5'!$B$2:$H$361,7,false),1)="A","W",if(LEFT(VLOOKUP($B21,'Round 5'!$B$2:$H$361,7,false),1)="B","L","")),if(LEFT(VLOOKUP($B21,'Round 5'!$F$2:$H$361,3,false),1)="b","W",if(LEFT(VLOOKUP($B21,'Round 5'!$F$2:$H$361,3,false),1)="a","L",""))) -> W | I21: =iferror(if(LEFT(VLOOKUP($B21,'Round 6'!$B$2:$H$361,7,false),1)="A","W",if(LEFT(VLOOKUP($B21,'Round 6'!$B$2:$H$361,7,false),1)="B","L","")),if(LEFT(VLOOKUP($B21,'Round 6'!$F$2:$H$361,3,false),1)="b","W",if(LEFT(VLOOKUP($B21,'Round 6'!$F$2:$H$361,3,false),1)="a","L",""))) -> L | J21: =iferror(iferror(if(LEFT(VLOOKUP($B21,'Round 7'!$B$2:$H$361,7,false),1)="A","W",if(LEFT(VLOOKUP($B21,'Round 7'!$B$2:$H$361,7,false),1)="B","L","")),if(LEFT(VLOOKUP($B21,'Round 7'!$F$2:$H$361,3,false),1)="b","W",if(LEFT(VLOOKUP($B21,'Round 7'!$F$2:$H$361,3,false),1)="a","L",""))),"") -> W | K21: =iferror(iferror(if(LEFT(VLOOKUP($B21,'Round 8'!$B$2:$H$361,7,false),1)="A","W",if(LEFT(VLOOKUP($B21,'Round 8'!$B$2:$H$361,7,false),1)="B","L","")),if(LEFT(VLOOKUP($B21,'Round 8'!$F$2:$H$361,3,false),1)="b","W",if(LEFT(VLOOKUP($B21,'Round 8'!$F$2:$H$361,3,false),1)="a","L",""))),"") -> L | L21: =iferror(iferror(if(LEFT(VLOOKUP($B21,'Round 9'!$B$2:$H$361,7,false),1)="A","W",if(LEFT(VLOOKUP($B21,'Round 9'!$B$2:$H$361,7,false),1)="B","L","")),if(LEFT(VLOOKUP($B21,'Round 9'!$F$2:$H$361,3,false),1)="b","W",if(LEFT(VLOOKUP($B21,'Round 9'!$F$2:$H$361,3,false),1)="a","L",""))),"") | M21: =iferror(iferror(if(LEFT(VLOOKUP($B21,'Round 10'!$B$2:$H$362,7,false),1)="A","W",if(LEFT(VLOOKUP($B21,'Round 10'!$B$2:$H$362,7,false),1)="B","L","")),if(LEFT(VLOOKUP($B21,'Round 10'!$F$2:$H$362,3,false),1)="b","W",if(LEFT(VLOOKUP($B21,'Round 10'!$F$2:$H$362,3,false),1)="a","L",""))),"") | N21: 244639333187846144
A22: 21 | B22: Adam | C22: =CONCATENATE(COUNTIF(D22:M22,"W") , " - " , COUNTIF(D22:M22, "L")) -> 7 - 2 | D22: =iferror(if(LEFT(VLOOKUP($B22,'Round 1'!$B$2:$H$361,7,false),1)="A","W",if(LEFT(VLOOKUP($B22,'Round 1'!$B$2:$H$361,7,false),1)="B","L","")),if(LEFT(VLOOKUP($B22,'Round 1'!$F$2:$H$361,3,false),1)="b","W",if(LEFT(VLOOKUP($B22,'Round 1'!$F$2:$H$361,3,false),1)="a","L",""))) -> L | E22: =iferror(if(LEFT(VLOOKUP($B22,'Round 2'!$C$2:$J$361,8,false),1)="A","W",if(LEFT(VLOOKUP($B22,'Round 2'!$C$2:$J$361,8,false),1)="B","L","")),if(LEFT(VLOOKUP($B22,'Round 2'!$G$2:$J$361,4,false),1)="b","W",if(LEFT(VLOOKUP($B22,'Round 2'!$G$2:$J$361,4,false),1)="a","L",""))) -> W | F22: =iferror(if(LEFT(VLOOKUP($B22,'Round 3'!$B$2:$H$361,7,false),1)="A","W",if(LEFT(VLOOKUP($B22,'Round 3'!$B$2:$H$361,7,false),1)="B","L","")),if(LEFT(VLOOKUP($B22,'Round 3'!$F$2:$H$361,3,false),1)="b","W",if(LEFT(VLOOKUP($B22,'Round 3'!$F$2:$H$361,3,false),1)="a","L",""))) -> W | G22: =iferror(if(LEFT(VLOOKUP($B22,'Round 4'!$B$2:$H$361,7,false),1)="A","W",if(LEFT(VLOOKUP($B22,'Round 4'!$B$2:$H$361,7,false),1)="B","L","")),if(LEFT(VLOOKUP($B22,'Round 4'!$F$2:$H$361,3,false),1)="b","W",if(LEFT(VLOOKUP($B22,'Round 4'!$F$2:$H$361,3,false),1)="a","L",""))) -> W | H22: =iferror(if(LEFT(VLOOKUP($B22,'Round 5'!$B$2:$H$361,7,false),1)="A","W",if(LEFT(VLOOKUP($B22,'Round 5'!$B$2:$H$361,7,false),1)="B","L","")),if(LEFT(VLOOKUP($B22,'Round 5'!$F$2:$H$361,3,false),1)="b","W",if(LEFT(VLOOKUP($B22,'Round 5'!$F$2:$H$361,3,false),1)="a","L",""))) -> W | I22: =iferror(if(LEFT(VLOOKUP($B22,'Round 6'!$B$2:$H$361,7,false),1)="A","W",if(LEFT(VLOOKUP($B22,'Round 6'!$B$2:$H$361,7,false),1)="B","L","")),if(LEFT(VLOOKUP($B22,'Round 6'!$F$2:$H$361,3,false),1)="b","W",if(LEFT(VLOOKUP($B22,'Round 6'!$F$2:$H$361,3,false),1)="a","L",""))) -> W | J22: =iferror(iferror(if(LEFT(VLOOKUP($B22,'Round 7'!$B$2:$H$361,7,false),1)="A","W",if(LEFT(VLOOKUP($B22,'Round 7'!$B$2:$H$361,7,false),1)="B","L","")),if(LEFT(VLOOKUP($B22,'Round 7'!$F$2:$H$361,3,false),1)="b","W",if(LEFT(VLOOKUP($B22,'Round 7'!$F$2:$H$361,3,false),1)="a","L",""))),"") -> W | K22: =iferror(iferror(if(LEFT(VLOOKUP($B22,'Round 8'!$B$2:$H$361,7,false),1)="A","W",if(LEFT(VLOOKUP($B22,'Round 8'!$B$2:$H$361,7,false),1)="B","L","")),if(LEFT(VLOOKUP($B22,'Round 8'!$F$2:$H$361,3,false),1)="b","W",if(LEFT(VLOOKUP($B22,'Round 8'!$F$2:$H$361,3,false),1)="a","L",""))),"") -> L | L22: =iferror(iferror(if(LEFT(VLOOKUP($B22,'Round 9'!$B$2:$H$361,7,false),1)="A","W",if(LEFT(VLOOKUP($B22,'Round 9'!$B$2:$H$361,7,false),1)="B","L","")),if(LEFT(VLOOKUP($B22,'Round 9'!$F$2:$H$361,3,false),1)="b","W",if(LEFT(VLOOKUP($B22,'Round 9'!$F$2:$H$361,3,false),1)="a","L",""))),"") -> W | M22: =iferror(iferror(if(LEFT(VLOOKUP($B22,'Round 10'!$B$2:$H$362,7,false),1)="A","W",if(LEFT(VLOOKUP($B22,'Round 10'!$B$2:$H$362,7,false),1)="B","L","")),if(LEFT(VLOOKUP($B22,'Round 10'!$F$2:$H$362,3,false),1)="b","W",if(LEFT(VLOOKUP($B22,'Round 10'!$F$2:$H$362,3,false),1)="a","L",""))),"") | N22: 714861229935689862
A23: 22 | B23: laxuy | C23: =CONCATENATE(COUNTIF(D23:M23,"W") , " - " , COUNTIF(D23:M23, "L")) -> 7 - 2 | D23: =iferror(if(LEFT(VLOOKUP($B23,'Round 1'!$B$2:$H$361,7,false),1)="A","W",if(LEFT(VLOOKUP($B23,'Round 1'!$B$2:$H$361,7,false),1)="B","L","")),if(LEFT(VLOOKUP($B23,'Round 1'!$F$2:$H$361,3,false),1)="b","W",if(LEFT(VLOOKUP($B23,'Round 1'!$F$2:$H$361,3,false),1)="a","L",""))) -> W | E23: =iferror(if(LEFT(VLOOKUP($B23,'Round 2'!$C$2:$J$361,8,false),1)="A","W",if(LEFT(VLOOKUP($B23,'Round 2'!$C$2:$J$361,8,false),1)="B","L","")),if(LEFT(VLOOKUP($B23,'Round 2'!$G$2:$J$361,4,false),1)="b","W",if(LEFT(VLOOKUP($B23,'Round 2'!$G$2:$J$361,4,false),1)="a","L",""))) -> W | F23: =iferror(if(LEFT(VLOOKUP($B23,'Round 3'!$B$2:$H$361,7,false),1)="A","W",if(LEFT(VLOOKUP($B23,'Round 3'!$B$2:$H$361,7,false),1)="B","L","")),if(LEFT(VLOOKUP($B23,'Round 3'!$F$2:$H$361,3,false),1)="b","W",if(LEFT(VLOOKUP($B23,'Round 3'!$F$2:$H$361,3,false),1)="a","L",""))) -> W | G23: =iferror(if(LEFT(VLOOKUP($B23,'Round 4'!$B$2:$H$361,7,false),1)="A","W",if(LEFT(VLOOKUP($B23,'Round 4'!$B$2:$H$361,7,false),1)="B","L","")),if(LEFT(VLOOKUP($B23,'Round 4'!$F$2:$H$361,3,false),1)="b","W",if(LEFT(VLOOKUP($B23,'Round 4'!$F$2:$H$361,3,false),1)="a","L",""))) -> W | H23: =iferror(if(LEFT(VLOOKUP($B23,'Round 5'!$B$2:$H$361,7,false),1)="A","W",if(LEFT(VLOOKUP($B23,'Round 5'!$B$2:$H$361,7,false),1)="B","L","")),if(LEFT(VLOOKUP($B23,'Round 5'!$F$2:$H$361,3,false),1)="b","W",if(LEFT(VLOOKUP($B23,'Round 5'!$F$2:$H$361,3,false),1)="a","L",""))) -> L | I23: =iferror(if(LEFT(VLOOKUP($B23,'Round 6'!$B$2:$H$361,7,false),1)="A","W",if(LEFT(VLOOKUP($B23,'Round 6'!$B$2:$H$361,7,false),1)="B","L","")),if(LEFT(VLOOKUP($B23,'Round 6'!$F$2:$H$361,3,false),1)="b","W",if(LEFT(VLOOKUP($B23,'Round 6'!$F$2:$H$361,3,false),1)="a","L",""))) -> W | J23: =iferror(iferror(if(LEFT(VLOOKUP($B23,'Round 7'!$B$2:$H$361,7,false),1)="A","W",if(LEFT(VLOOKUP($B23,'Round 7'!$B$2:$H$361,7,false),1)="B","L","")),if(LEFT(VLOOKUP($B23,'Round 7'!$F$2:$H$361,3,false),1)="b","W",if(LEFT(VLOOKUP($B23,'Round 7'!$F$2:$H$361,3,false),1)="a","L",""))),"") -> W | K23: =iferror(iferror(if(LEFT(VLOOKUP($B23,'Round 8'!$B$2:$H$361,7,false),1)="A","W",if(LEFT(VLOOKUP($B23,'Round 8'!$B$2:$H$361,7,false),1)="B","L","")),if(LEFT(VLOOKUP($B23,'Round 8'!$F$2:$H$361,3,false),1)="b","W",if(LEFT(VLOOKUP($B23,'Round 8'!$F$2:$H$361,3,false),1)="a","L",""))),"") -> W | L23: =iferror(iferror(if(LEFT(VLOOKUP($B23,'Round 9'!$B$2:$H$361,7,false),1)="A","W",if(LEFT(VLOOKUP($B23,'Round 9'!$B$2:$H$361,7,false),1)="B","L","")),if(LEFT(VLOOKUP($B23,'Round 9'!$F$2:$H$361,3,false),1)="b","W",if(LEFT(VLOOKUP($B23,'Round 9'!$F$2:$H$361,3,false),1)="a","L",""))),"") -> L | M23: =iferror(iferror(if(LEFT(VLOOKUP($B23,'Round 10'!$B$2:$H$362,7,false),1)="A","W",if(LEFT(VLOOKUP($B23,'Round 10'!$B$2:$H$362,7,false),1)="B","L","")),if(LEFT(VLOOKUP($B23,'Round 10'!$F$2:$H$362,3,false),1)="b","W",if(LEFT(VLOOKUP($B23,'Round 10'!$F$2:$H$362,3,false),1)="a","L",""))),"") | N23: 162377920117997568
A24: 23 | B24: udm31 | C24: =CONCATENATE(COUNTIF(D24:M24,"W") , " - " , COUNTIF(D24:M24, "L")) -> 7 - 2 | D24: =iferror(if(LEFT(VLOOKUP($B24,'Round 1'!$B$2:$H$361,7,false),1)="A","W",if(LEFT(VLOOKUP($B24,'Round 1'!$B$2:$H$361,7,false),1)="B","L","")),if(LEFT(VLOOKUP($B24,'Round 1'!$F$2:$H$361,3,false),1)="b","W",if(LEFT(VLOOKUP($B24,'Round 1'!$F$2:$H$361,3,false),1)="a","L",""))) -> L | E24: =iferror(if(LEFT(VLOOKUP($B24,'Round 2'!$C$2:$J$361,8,false),1)="A","W",if(LEFT(VLOOKUP($B24,'Round 2'!$C$2:$J$361,8,false),1)="B","L","")),if(LEFT(VLOOKUP($B24,'Round 2'!$G$2:$J$361,4,false),1)="b","W",if(LEFT(VLOOKUP($B24,'Round 2'!$G$2:$J$361,4,false),1)="a","L",""))) -> W | F24: =iferror(if(LEFT(VLOOKUP($B24,'Round 3'!$B$2:$H$361,7,false),1)="A","W",if(LEFT(VLOOKUP($B24,'Round 3'!$B$2:$H$361,7,false),1)="B","L","")),if(LEFT(VLOOKUP($B24,'Round 3'!$F$2:$H$361,3,false),1)="b","W",if(LEFT(VLOOKUP($B24,'Round 3'!$F$2:$H$361,3,false),1)="a","L",""))) -> W | G24: =iferror(if(LEFT(VLOOKUP($B24,'Round 4'!$B$2:$H$361,7,false),1)="A","W",if(LEFT(VLOOKUP($B24,'Round 4'!$B$2:$H$361,7,false),1)="B","L","")),if(LEFT(VLOOKUP($B24,'Round 4'!$F$2:$H$361,3,false),1)="b","W",if(LEFT(VLOOKUP($B24,'Round 4'!$F$2:$H$361,3,false),1)="a","L",""))) -> L | H24: =iferror(if(LEFT(VLOOKUP($B24,'Round 5'!$B$2:$H$361,7,false),1)="A","W",if(LEFT(VLOOKUP($B24,'Round 5'!$B$2:$H$361,7,false),1)="B","L","")),if(LEFT(VLOOKUP($B24,'Round 5'!$F$2:$H$361,3,false),1)="b","W",if(LEFT(VLOOKUP($B24,'Round 5'!$F$2:$H$361,3,false),1)="a","L",""))) -> W | I24: =iferror(if(LEFT(VLOOKUP($B24,'Round 6'!$B$2:$H$361,7,false),1)="A","W",if(LEFT(VLOOKUP($B24,'Round 6'!$B$2:$H$361,7,false),1)="B","L","")),if(LEFT(VLOOKUP($B24,'Round 6'!$F$2:$H$361,3,false),1)="b","W",if(LEFT(VLOOKUP($B24,'Round 6'!$F$2:$H$361,3,false),1)="a","L",""))) -> W | J24: =iferror(iferror(if(LEFT(VLOOKUP($B24,'Round 7'!$B$2:$H$361,7,false),1)="A","W",if(LEFT(VLOOKUP($B24,'Round 7'!$B$2:$H$361,7,false),1)="B","L","")),if(LEFT(VLOOKUP($B24,'Round 7'!$F$2:$H$361,3,false),1)="b","W",if(LEFT(VLOOKUP($B24,'Round 7'!$F$2:$H$361,3,false),1)="a","L",""))),"") -> W | K24: =iferror(iferror(if(LEFT(VLOOKUP($B24,'Round 8'!$B$2:$H$361,7,false),1)="A","W",if(LEFT(VLOOKUP($B24,'Round 8'!$B$2:$H$361,7,false),1)="B","L","")),if(LEFT(VLOOKUP($B24,'Round 8'!$F$2:$H$361,3,false),1)="b","W",if(LEFT(VLOOKUP($B24,'Round 8'!$F$2:$H$361,3,false),1)="a","L",""))),"") -> W | L24: =iferror(iferror(if(LEFT(VLOOKUP($B24,'Round 9'!$B$2:$H$361,7,false),1)="A","W",if(LEFT(VLOOKUP($B24,'Round 9'!$B$2:$H$361,7,false),1)="B","L","")),if(LEFT(VLOOKUP($B24,'Round 9'!$F$2:$H$361,3,false),1)="b","W",if(LEFT(VLOOKUP($B24,'Round 9'!$F$2:$H$361,3,false),1)="a","L",""))),"") -> W | M24: =iferror(iferror(if(LEFT(VLOOKUP($B24,'Round 10'!$B$2:$H$362,7,false),1)="A","W",if(LEFT(VLOOKUP($B24,'Round 10'!$B$2:$H$362,7,false),1)="B","L","")),if(LEFT(VLOOKUP($B24,'Round 10'!$F$2:$H$362,3,false),1)="b","W",if(LEFT(VLOOKUP($B24,'Round 10'!$F$2:$H$362,3,false),1)="a","L",""))),"") | N24: 892364236523708427
A25: 24 | B25: Big Will | C25: =CONCATENATE(COUNTIF(D25:M25,"W") , " - " , COUNTIF(D25:M25, "L")) -> 4 - 3 | D25: =iferror(if(LEFT(VLOOKUP($B25,'Round 1'!$B$2:$H$361,7,false),1)="A","W",if(LEFT(VLOOKUP($B25,'Round 1'!$B$2:$H$361,7,false),1)="B","L","")),if(LEFT(VLOOKUP($B25,'Round 1'!$F$2:$H$361,3,false),1)="b","W",if(LEFT(VLOOKUP($B25,'Round 1'!$F$2:$H$361,3,false),1)="a","L",""))) -> W | E25: =iferror(if(LEFT(VLOOKUP($B25,'Round 2'!$C$2:$J$361,8,false),1)="A","W",if(LEFT(VLOOKUP($B25,'Round 2'!$C$2:$J$361,8,false),1)="B","L","")),if(LEFT(VLOOKUP($B25,'Round 2'!$G$2:$J$361,4,false),1)="b","W",if(LEFT(VLOOKUP($B25,'Round 2'!$G$2:$J$361,4,false),1)="a","L",""))) -> L | F25: =iferror(if(LEFT(VLOOKUP($B25,'Round 3'!$B$2:$H$361,7,false),1)="A","W",if(LEFT(VLOOKUP($B25,'Round 3'!$B$2:$H$361,7,false),1)="B","L","")),if(LEFT(VLOOKUP($B25,'Round 3'!$F$2:$H$361,3,false),1)="b","W",if(LEFT(VLOOKUP($B25,'Round 3'!$F$2:$H$361,3,false),1)="a","L",""))) -> W | G25: =iferror(if(LEFT(VLOOKUP($B25,'Round 4'!$B$2:$H$361,7,false),1)="A","W",if(LEFT(VLOOKUP($B25,'Round 4'!$B$2:$H$361,7,false),1)="B","L","")),if(LEFT(VLOOKUP($B25,'Round 4'!$F$2:$H$361,3,false),1)="b","W",if(LEFT(VLOOKUP($B25,'Round 4'!$F$2:$H$361,3,false),1)="a","L",""))) -> W | H25: =iferror(if(LEFT(VLOOKUP($B25,'Round 5'!$B$2:$H$361,7,false),1)="A","W",if(LEFT(VLOOKUP($B25,'Round 5'!$B$2:$H$361,7,false),1)="B","L","")),if(LEFT(VLOOKUP($B25,'Round 5'!$F$2:$H$361,3,false),1)="b","W",if(LEFT(VLOOKUP($B25,'Round 5'!$F$2:$H$361,3,false),1)="a","L",""))) -> W | I25: =iferror(if(LEFT(VLOOKUP($B25,'Round 6'!$B$2:$H$361,7,false),1)="A","W",if(LEFT(VLOOKUP($B25,'Round 6'!$B$2:$H$361,7,false),1)="B","L","")),if(LEFT(VLOOKUP($B25,'Round 6'!$F$2:$H$361,3,false),1)="b","W",if(LEFT(VLOOKUP($B25,'Round 6'!$F$2:$H$361,3,false),1)="a","L",""))) -> L | J25: =iferror(iferror(if(LEFT(VLOOKUP($B25,'Round 7'!$B$2:$H$361,7,false),1)="A","W",if(LEFT(VLOOKUP($B25,'Round 7'!$B$2:$H$361,7,false),1)="B","L","")),if(LEFT(VLOOKUP($B25,'Round 7'!$F$2:$H$361,3,false),1)="b","W",if(LEFT(VLOOKUP($B25,'Round 7'!$F$2:$H$361,3,false),1)="a","L",""))),"") -> L | K25: =iferror(iferror(if(LEFT(VLOOKUP($B25,'Round 8'!$B$2:$H$361,7,false),1)="A","W",if(LEFT(VLOOKUP($B25,'Round 8'!$B$2:$H$361,7,false),1)="B","L","")),if(LEFT(VLOOKUP($B25,'Round 8'!$F$2:$H$361,3,false),1)="b","W",if(LEFT(VLOOKUP($B25,'Round 8'!$F$2:$H$361,3,false),1)="a","L",""))),"") | L25: =iferror(iferror(if(LEFT(VLOOKUP($B25,'Round 9'!$B$2:$H$361,7,false),1)="A","W",if(LEFT(VLOOKUP($B25,'Round 9'!$B$2:$H$361,7,false),1)="B","L","")),if(LEFT(VLOOKUP($B25,'Round 9'!$F$2:$H$361,3,false),1)="b","W",if(LEFT(VLOOKUP($B25,'Round 9'!$F$2:$H$361,3,false),1)="a","L",""))),"") | M25: =iferror(iferror(if(LEFT(VLOOKUP($B25,'Round 10'!$B$2:$H$362,7,false),1)="A","W",if(LEFT(VLOOKUP($B25,'Round 10'!$B$2:$H$362,7,false),1)="B","L","")),if(LEFT(VLOOKUP($B25,'Round 10'!$F$2:$H$362,3,false),1)="b","W",if(LEFT(VLOOKUP($B25,'Round 10'!$F$2:$H$362,3,false),1)="a","L",""))),"") | N25: 119592871962607616
A26: 25 | B26: JR | C26: =CONCATENATE(COUNTIF(D26:M26,"W") , " - " , COUNTIF(D26:M26, "L")) -> 7 - 2 | D26: =iferror(if(LEFT(VLOOKUP($B26,'Round 1'!$B$2:$H$361,7,false),1)="A","W",if(LEFT(VLOOKUP($B26,'Round 1'!$B$2:$H$361,7,false),1)="B","L","")),if(LEFT(VLOOKUP($B26,'Round 1'!$F$2:$H$361,3,false),1)="b","W",if(LEFT(VLOOKUP($B26,'Round 1'!$F$2:$H$361,3,false),1)="a","L",""))) -> W | E26: =iferror(if(LEFT(VLOOKUP($B26,'Round 2'!$C$2:$J$361,8,false),1)="A","W",if(LEFT(VLOOKUP($B26,'Round 2'!$C$2:$J$361,8,false),1)="B","L","")),if(LEFT(VLOOKUP($B26,'Round 2'!$G$2:$J$361,4,false),1)="b","W",if(LEFT(VLOOKUP($B26,'Round 2'!$G$2:$J$361,4,false),1)="a","L",""))) -> W | F26: =iferror(if(LEFT(VLOOKUP($B26,'Round 3'!$B$2:$H$361,7,false),1)="A","W",if(LEFT(VLOOKUP($B26,'Round 3'!$B$2:$H$361,7,false),1)="B","L","")),if(LEFT(VLOOKUP($B26,'Round 3'!$F$2:$H$361,3,false),1)="b","W",if(LEFT(VLOOKUP($B26,'Round 3'!$F$2:$H$361,3,false),1)="a","L",""))) -> W | G26: =iferror(if(LEFT(VLOOKUP($B26,'Round 4'!$B$2:$H$361,7,false),1)="A","W",if(LEFT(VLOOKUP($B26,'Round 4'!$B$2:$H$361,7,false),1)="B","L","")),if(LEFT(VLOOKUP($B26,'Round 4'!$F$2:$H$361,3,false),1)="b","W",if(LEFT(VLOOKUP($B26,'Round 4'!$F$2:$H$361,3,false),1)="a","L",""))) -> W | H26: =iferror(if(LEFT(VLOOKUP($B26,'Round 5'!$B$2:$H$361,7,false),1)="A","W",if(LEFT(VLOOKUP($B26,'Round 5'!$B$2:$H$361,7,false),1)="B","L","")),if(LEFT(VLOOKUP($B26,'Round 5'!$F$2:$H$361,3,false),1)="b","W",if(LEFT(VLOOKUP($B26,'Round 5'!$F$2:$H$361,3,false),1)="a","L",""))) -> W | I26: =iferror(if(LEFT(VLOOKUP($B26,'Round 6'!$B$2:$H$361,7,false),1)="A","W",if(LEFT(VLOOKUP($B26,'Round 6'!$B$2:$H$361,7,false),1)="B","L","")),if(LEFT(VLOOKUP($B26,'Round 6'!$F$2:$H$361,3,false),1)="b","W",if(LEFT(VLOOKUP($B26,'Round 6'!$F$2:$H$361,3,false),1)="a","L",""))) -> L | J26: =iferror(iferror(if(LEFT(VLOOKUP($B26,'Round 7'!$B$2:$H$361,7,false),1)="A","W",if(LEFT(VLOOKUP($B26,'Round 7'!$B$2:$H$361,7,false),1)="B","L","")),if(LEFT(VLOOKUP($B26,'Round 7'!$F$2:$H$361,3,false),1)="b","W",if(LEFT(VLOOKUP($B26,'Round 7'!$F$2:$H$361,3,false),1)="a","L",""))),"") -> W | K26: =iferror(iferror(if(LEFT(VLOOKUP($B26,'Round 8'!$B$2:$H$361,7,false),1)="A","W",if(LEFT(VLOOKUP($B26,'Round 8'!$B$2:$H$361,7,false),1)="B","L","")),if(LEFT(VLOOKUP($B26,'Round 8'!$F$2:$H$361,3,false),1)="b","W",if(LEFT(VLOOKUP($B26,'Round 8'!$F$2:$H$361,3,false),1)="a","L",""))),"") -> W | L26: =iferror(iferror(if(LEFT(VLOOKUP($B26,'Round 9'!$B$2:$H$361,7,false),1)="A","W",if(LEFT(VLOOKUP($B26,'Round 9'!$B$2:$H$361,7,false),1)="B","L","")),if(LEFT(VLOOKUP($B26,'Round 9'!$F$2:$H$361,3,false),1)="b","W",if(LEFT(VLOOKUP($B26,'Round 9'!$F$2:$H$361,3,false),1)="a","L",""))),"") -> L | M26: =iferror(iferror(if(LEFT(VLOOKUP($B26,'Round 10'!$B$2:$H$362,7,false),1)="A","W",if(LEFT(VLOOKUP($B26,'Round 10'!$B$2:$H$362,7,false),1)="B","L","")),if(LEFT(VLOOKUP($B26,'Round 10'!$F$2:$H$362,3,false),1)="b","W",if(LEFT(VLOOKUP($B26,'Round 10'!$F$2:$H$362,3,false),1)="a","L",""))),"") | N26: 319563636483817472
A27: 26 | B27: keepingiticy | C27: =CONCATENATE(COUNTIF(D27:M27,"W") , " - " , COUNTIF(D27:M27, "L")) -> 7 - 2 | D27: =iferror(if(LEFT(VLOOKUP($B27,'Round 1'!$B$2:$H$361,7,false),1)="A","W",if(LEFT(VLOOKUP($B27,'Round 1'!$B$2:$H$361,7,false),1)="B","L","")),if(LEFT(VLOOKUP($B27,'Round 1'!$F$2:$H$361,3,false),1)="b","W",if(LEFT(VLOOKUP($B27,'Round 1'!$F$2:$H$361,3,false),1)="a","L",""))) -> L | E27: =iferror(if(LEFT(VLOOKUP($B27,'Round 2'!$C$2:$J$361,8,false),1)="A","W",if(LEFT(VLOOKUP($B27,'Round 2'!$C$2:$J$361,8,false),1)="B","L","")),if(LEFT(VLOOKUP($B27,'Round 2'!$G$2:$J$361,4,false),1)="b","W",if(LEFT(VLOOKUP($B27,'Round 2'!$G$2:$J$361,4,false),1)="a","L",""))) -> W | F27: =iferror(if(LEFT(VLOOKUP($B27,'Round 3'!$B$2:$H$361,7,false),1)="A","W",if(LEFT(VLOOKUP($B27,'Round 3'!$B$2:$H$361,7,false),1)="B","L","")),if(LEFT(VLOOKUP($B27,'Round 3'!$F$2:$H$361,3,false),1)="b","W",if(LEFT(VLOOKUP($B27,'Round 3'!$F$2:$H$361,3,false),1)="a","L",""))) -> W | G27: =iferror(if(LEFT(VLOOKUP($B27,'Round 4'!$B$2:$H$361,7,false),1)="A","W",if(LEFT(VLOOKUP($B27,'Round 4'!$B$2:$H$361,7,false),1)="B","L","")),if(LEFT(VLOOKUP($B27,'Round 4'!$F$2:$H$361,3,false),1)="b","W",if(LEFT(VLOOKUP($B27,'Round 4'!$F$2:$H$361,3,false),1)="a","L",""))) -> W | H27: =iferror(if(LEFT(VLOOKUP($B27,'Round 5'!$B$2:$H$361,7,false),1)="A","W",if(LEFT(VLOOKUP($B27,'Round 5'!$B$2:$H$361,7,false),1)="B","L","")),if(LEFT(VLOOKUP($B27,'Round 5'!$F$2:$H$361,3,false),1)="b","W",if(LEFT(VLOOKUP($B27,'Round 5'!$F$2:$H$361,3,false),1)="a","L",""))) -> W | I27: =iferror(if(LEFT(VLOOKUP($B27,'Round 6'!$B$2:$H$361,7,false),1)="A","W",if(LEFT(VLOOKUP($B27,'Round 6'!$B$2:$H$361,7,false),1)="B","L","")),if(LEFT(VLOOKUP($B27,'Round 6'!$F$2:$H$361,3,false),1)="b","W",if(LEFT(VLOOKUP($B27,'Round 6'!$F$2:$H$361,3,false),1)="a","L",""))) -> L | J27: =iferror(iferror(if(LEFT(VLOOKUP($B27,'Round 7'!$B$2:$H$361,7,false),1)="A","W",if(LEFT(VLOOKUP($B27,'Round 7'!$B$2:$H$361,7,false),1)="B","L","")),if(LEFT(VLOOKUP($B27,'Round 7'!$F$2:$H$361,3,false),1)="b","W",if(LEFT(VLOOKUP($B27,'Round 7'!$F$2:$H$361,3,false),1)="a","L",""))),"") -> W | K27: =iferror(iferror(if(LEFT(VLOOKUP($B27,'Round 8'!$B$2:$H$361,7,false),1)="A","W",if(LEFT(VLOOKUP($B27,'Round 8'!$B$2:$H$361,7,false),1)="B","L","")),if(LEFT(VLOOKUP($B27,'Round 8'!$F$2:$H$361,3,false),1)="b","W",if(LEFT(VLOOKUP($B27,'Round 8'!$F$2:$H$361,3,false),1)="a","L",""))),"") -> W | L27: =iferror(iferror(if(LEFT(VLOOKUP($B27,'Round 9'!$B$2:$H$361,7,false),1)="A","W",if(LEFT(VLOOKUP($B27,'Round 9'!$B$2:$H$361,7,false),1)="B","L","")),if(LEFT(VLOOKUP($B27,'Round 9'!$F$2:$H$361,3,false),1)="b","W",if(LEFT(VLOOKUP($B27,'Round 9'!$F$2:$H$361,3,false),1)="a","L",""))),"") -> W | M27: =iferror(iferror(if(LEFT(VLOOKUP($B27,'Round 10'!$B$2:$H$362,7,false),1)="A","W",if(LEFT(VLOOKUP($B27,'Round 10'!$B$2:$H$362,7,false),1)="B","L","")),if(LEFT(VLOOKUP($B27,'Round 10'!$F$2:$H$362,3,false),1)="b","W",if(LEFT(VLOOKUP($B27,'Round 10'!$F$2:$H$362,3,false),1)="a","L",""))),"") | N27: 174532509701373952
A28: 27 | B28: Sheik | C28: =CONCATENATE(COUNTIF(D28:M28,"W") , " - " , COUNTIF(D28:M28, "L")) -> 8 - 2 | D28: =iferror(if(LEFT(VLOOKUP($B28,'Round 1'!$B$2:$H$361,7,false),1)="A","W",if(LEFT(VLOOKUP($B28,'Round 1'!$B$2:$H$361,7,false),1)="B","L","")),if(LEFT(VLOOKUP($B28,'Round 1'!$F$2:$H$361,3,false),1)="b","W",if(LEFT(VLOOKUP($B28,'Round 1'!$F$2:$H$361,3,false),1)="a","L",""))) -> W | E28: =iferror(if(LEFT(VLOOKUP($B28,'Round 2'!$C$2:$J$361,8,false),1)="A","W",if(LEFT(VLOOKUP($B28,'Round 2'!$C$2:$J$361,8,false),1)="B","L","")),if(LEFT(VLOOKUP($B28,'Round 2'!$G$2:$J$361,4,false),1)="b","W",if(LEFT(VLOOKUP($B28,'Round 2'!$G$2:$J$361,4,false),1)="a","L",""))) -> W | F28: =iferror(if(LEFT(VLOOKUP($B28,'Round 3'!$B$2:$H$361,7,false),1)="A","W",if(LEFT(VLOOKUP($B28,'Round 3'!$B$2:$H$361,7,false),1)="B","L","")),if(LEFT(VLOOKUP($B28,'Round 3'!$F$2:$H$361,3,false),1)="b","W",if(LEFT(VLOOKUP($B28,'Round 3'!$F$2:$H$361,3,false),1)="a","L",""))) -> W | G28: =iferror(if(LEFT(VLOOKUP($B28,'Round 4'!$B$2:$H$361,7,false),1)="A","W",if(LEFT(VLOOKUP($B28,'Round 4'!$B$2:$H$361,7,false),1)="B","L","")),if(LEFT(VLOOKUP($B28,'Round 4'!$F$2:$H$361,3,false),1)="b","W",if(LEFT(VLOOKUP($B28,'Round 4'!$F$2:$H$361,3,false),1)="a","L",""))) -> W | H28: =iferror(if(LEFT(VLOOKUP($B28,'Round 5'!$B$2:$H$361,7,false),1)="A","W",if(LEFT(VLOOKUP($B28,'Round 5'!$B$2:$H$361,7,false),1)="B","L","")),if(LEFT(VLOOKUP($B28,'Round 5'!$F$2:$H$361,3,false),1)="b","W",if(LEFT(VLOOKUP($B28,'Round 5'!$F$2:$H$361,3,false),1)="a","L",""))) -> W | I28: =iferror(if(LEFT(VLOOKUP($B28,'Round 6'!$B$2:$H$361,7,false),1)="A","W",if(LEFT(VLOOKUP($B28,'Round 6'!$B$2:$H$361,7,false),1)="B","L","")),if(LEFT(VLOOKUP($B28,'Round 6'!$F$2:$H$361,3,false),1)="b","W",if(LEFT(VLOOKUP($B28,'Round 6'!$F$2:$H$361,3,false),1)="a","L",""))) -> L | J28: =iferror(iferror(if(LEFT(VLOOKUP($B28,'Round 7'!$B$2:$H$361,7,false),1)="A","W",if(LEFT(VLOOKUP($B28,'Round 7'!$B$2:$H$361,7,false),1)="B","L","")),if(LEFT(VLOOKUP($B28,'Round 7'!$F$2:$H$361,3,false),1)="b","W",if(LEFT(VLOOKUP($B28,'Round 7'!$F$2:$H$361,3,false),1)="a","L",""))),"") -> W | K28: =iferror(iferror(if(LEFT(VLOOKUP($B28,'Round 8'!$B$2:$H$361,7,false),1)="A","W",if(LEFT(VLOOKUP($B28,'Round 8'!$B$2:$H$361,7,false),1)="B","L","")),if(LEFT(VLOOKUP($B28,'Round 8'!$F$2:$H$361,3,false),1)="b","W",if(LEFT(VLOOKUP($B28,'Round 8'!$F$2:$H$361,3,false),1)="a","L",""))),"") -> L | L28: =iferror(iferror(if(LEFT(VLOOKUP($B28,'Round 9'!$B$2:$H$361,7,false),1)="A","W",if(LEFT(VLOOKUP($B28,'Round 9'!$B$2:$H$361,7,false),1)="B","L","")),if(LEFT(VLOOKUP($B28,'Round 9'!$F$2:$H$361,3,false),1)="b","W",if(LEFT(VLOOKUP($B28,'Round 9'!$F$2:$H$361,3,false),1)="a","L",""))),"") -> W | M28: =iferror(iferror(if(LEFT(VLOOKUP($B28,'Round 10'!$B$2:$H$362,7,false),1)="A","W",if(LEFT(VLOOKUP($B28,'Round 10'!$B$2:$H$362,7,false),1)="B","L","")),if(LEFT(VLOOKUP($B28,'Round 10'!$F$2:$H$362,3,false),1)="b","W",if(LEFT(VLOOKUP($B28,'Round 10'!$F$2:$H$362,3,false),1)="a","L",""))),"") -> W | N28: 700432987858403420
A29: 28 | B29: Typhoon Carter | C29: =CONCATENATE(COUNTIF(D29:M29,"W") , " - " , COUNTIF(D29:M29, "L")) -> 7 - 2 | D29: =iferror(if(LEFT(VLOOKUP($B29,'Round 1'!$B$2:$H$361,7,false),1)="A","W",if(LEFT(VLOOKUP($B29,'Round 1'!$B$2:$H$361,7,false),1)="B","L","")),if(LEFT(VLOOKUP($B29,'Round 1'!$F$2:$H$361,3,false),1)="b","W",if(LEFT(VLOOKUP($B29,'Round 1'!$F$2:$H$361,3,false),1)="a","L",""))) -> L | E29: =iferror(if(LEFT(VLOOKUP($B29,'Round 2'!$C$2:$J$361,8,false),1)="A","W",if(LEFT(VLOOKUP($B29,'Round 2'!$C$2:$J$361,8,false),1)="B","L","")),if(LEFT(VLOOKUP($B29,'Round 2'!$G$2:$J$361,4,false),1)="b","W",if(LEFT(VLOOKUP($B29,'Round 2'!$G$2:$J$361,4,false),1)="a","L",""))) -> W | F29: =iferror(if(LEFT(VLOOKUP($B29,'Round 3'!$B$2:$H$361,7,false),1)="A","W",if(LEFT(VLOOKUP($B29,'Round 3'!$B$2:$H$361,7,false),1)="B","L","")),if(LEFT(VLOOKUP($B29,'Round 3'!$F$2:$H$361,3,false),1)="b","W",if(LEFT(VLOOKUP($B29,'Round 3'!$F$2:$H$361,3,false),1)="a","L",""))) -> W | G29: =iferror(if(LEFT(VLOOKUP($B29,'Round 4'!$B$2:$H$361,7,false),1)="A","W",if(LEFT(VLOOKUP($B29,'Round 4'!$B$2:$H$361,7,false),1)="B","L","")),if(LEFT(VLOOKUP($B29,'Round 4'!$F$2:$H$361,3,false),1)="b","W",if(LEFT(VLOOKUP($B29,'Round 4'!$F$2:$H$361,3,false),1)="a","L",""))) -> W | H29: =iferror(if(LEFT(VLOOKUP($B29,'Round 5'!$B$2:$H$361,7,false),1)="A","W",if(LEFT(VLOOKUP($B29,'Round 5'!$B$2:$H$361,7,false),1)="B","L","")),if(LEFT(VLOOKUP($B29,'Round 5'!$F$2:$H$361,3,false),1)="b","W",if(LEFT(VLOOKUP($B29,'Round 5'!$F$2:$H$361,3,false),1)="a","L",""))) -> W | I29: =iferror(if(LEFT(VLOOKUP($B29,'Round 6'!$B$2:$H$361,7,false),1)="A","W",if(LEFT(VLOOKUP($B29,'Round 6'!$B$2:$H$361,7,false),1)="B","L","")),if(LEFT(VLOOKUP($B29,'Round 6'!$F$2:$H$361,3,false),1)="b","W",if(LEFT(VLOOKUP($B29,'Round 6'!$F$2:$H$361,3,false),1)="a","L",""))) -> W | J29: =iferror(iferror(if(LEFT(VLOOKUP($B29,'Round 7'!$B$2:$H$361,7,false),1)="A","W",if(LEFT(VLOOKUP($B29,'Round 7'!$B$2:$H$361,7,false),1)="B","L","")),if(LEFT(VLOOKUP($B29,'Round 7'!$F$2:$H$361,3,false),1)="b","W",if(LEFT(VLOOKUP($B29,'Round 7'!$F$2:$H$361,3,false),1)="a","L",""))),"") -> L | K29: =iferror(iferror(if(LEFT(VLOOKUP($B29,'Round 8'!$B$2:$H$361,7,false),1)="A","W",if(LEFT(VLOOKUP($B29,'Round 8'!$B$2:$H$361,7,false),1)="B","L","")),if(LEFT(VLOOKUP($B29,'Round 8'!$F$2:$H$361,3,false),1)="b","W",if(LEFT(VLOOKUP($B29,'Round 8'!$F$2:$H$361,3,false),1)="a","L",""))),"") -> W | L29: =iferror(iferror(if(LEFT(VLOOKUP($B29,'Round 9'!$B$2:$H$361,7,false),1)="A","W",if(LEFT(VLOOKUP($B29,'Round 9'!$B$2:$H$361,7,false),1)="B","L","")),if(LEFT(VLOOKUP($B29,'Round 9'!$F$2:$H$361,3,false),1)="b","W",if(LEFT(VLOOKUP($B29,'Round 9'!$F$2:$H$361,3,false),1)="a","L",""))),"") -> W | M29: =iferror(iferror(if(LEFT(VLOOKUP($B29,'Round 10'!$B$2:$H$362,7,false),1)="A","W",if(LEFT(VLOOKUP($B29,'Round 10'!$B$2:$H$362,7,false),1)="B","L","")),if(LEFT(VLOOKUP($B29,'Round 10'!$F$2:$H$362,3,false),1)="b","W",if(LEFT(VLOOKUP($B29,'Round 10'!$F$2:$H$362,3,false),1)="a","L",""))),"") | N29: 313800288647774211
A30: 29 | B30: 48 | C30: =CONCATENATE(COUNTIF(D30:M30,"W") , " - " , COUNTIF(D30:M30, "L")) -> 7 - 2 | D30: =iferror(if(LEFT(VLOOKUP($B30,'Round 1'!$B$2:$H$361,7,false),1)="A","W",if(LEFT(VLOOKUP($B30,'Round 1'!$B$2:$H$361,7,false),1)="B","L","")),if(LEFT(VLOOKUP($B30,'Round 1'!$F$2:$H$361,3,false),1)="b","W",if(LEFT(VLOOKUP($B30,'Round 1'!$F$2:$H$361,3,false),1)="a","L",""))) -> W | E30: =iferror(if(LEFT(VLOOKUP($B30,'Round 2'!$C$2:$J$361,8,false),1)="A","W",if(LEFT(VLOOKUP($B30,'Round 2'!$C$2:$J$361,8,false),1)="B","L","")),if(LEFT(VLOOKUP($B30,'Round 2'!$G$2:$J$361,4,false),1)="b","W",if(LEFT(VLOOKUP($B30,'Round 2'!$G$2:$J$361,4,false),1)="a","L",""))) -> W | F30: =iferror(if(LEFT(VLOOKUP($B30,'Round 3'!$B$2:$H$361,7,false),1)="A","W",if(LEFT(VLOOKUP($B30,'Round 3'!$B$2:$H$361,7,false),1)="B","L","")),if(LEFT(VLOOKUP($B30,'Round 3'!$F$2:$H$361,3,false),1)="b","W",if(LEFT(VLOOKUP($B30,'Round 3'!$F$2:$H$361,3,false),1)="a","L",""))) -> W | G30: =iferror(if(LEFT(VLOOKUP($B30,'Round 4'!$B$2:$H$361,7,false),1)="A","W",if(LEFT(VLOOKUP($B30,'Round 4'!$B$2:$H$361,7,false),1)="B","L","")),if(LEFT(VLOOKUP($B30,'Round 4'!$F$2:$H$361,3,false),1)="b","W",if(LEFT(VLOOKUP($B30,'Round 4'!$F$2:$H$361,3,false),1)="a","L",""))) -> W | H30: =iferror(if(LEFT(VLOOKUP($B30,'Round 5'!$B$2:$H$361,7,false),1)="A","W",if(LEFT(VLOOKUP($B30,'Round 5'!$B$2:$H$361,7,false),1)="B","L","")),if(LEFT(VLOOKUP($B30,'Round 5'!$F$2:$H$361,3,false),1)="b","W",if(LEFT(VLOOKUP($B30,'Round 5'!$F$2:$H$361,3,false),1)="a","L",""))) -> L | I30: =iferror(if(LEFT(VLOOKUP($B30,'Round 6'!$B$2:$H$361,7,false),1)="A","W",if(LEFT(VLOOKUP($B30,'Round 6'!$B$2:$H$361,7,false),1)="B","L","")),if(LEFT(VLOOKUP($B30,'Round 6'!$F$2:$H$361,3,false),1)="b","W",if(LEFT(VLOOKUP($B30,'Round 6'!$F$2:$H$361,3,false),1)="a","L",""))) -> L | J30: =iferror(iferror(if(LEFT(VLOOKUP($B30,'Round 7'!$B$2:$H$361,7,false),1)="A","W",if(LEFT(VLOOKUP($B30,'Round 7'!$B$2:$H$361,7,false),1)="B","L","")),if(LEFT(VLOOKUP($B30,'Round 7'!$F$2:$H$361,3,false),1)="b","W",if(LEFT(VLOOKUP($B30,'Round 7'!$F$2:$H$361,3,false),1)="a","L",""))),"") -> W | K30: =iferror(iferror(if(LEFT(VLOOKUP($B30,'Round 8'!$B$2:$H$361,7,false),1)="A","W",if(LEFT(VLOOKUP($B30,'Round 8'!$B$2:$H$361,7,false),1)="B","L","")),if(LEFT(VLOOKUP($B30,'Round 8'!$F$2:$H$361,3,false),1)="b","W",if(LEFT(VLOOKUP($B30,'Round 8'!$F$2:$H$361,3,false),1)="a","L",""))),"") -> W | L30: =iferror(iferror(if(LEFT(VLOOKUP($B30,'Round 9'!$B$2:$H$361,7,false),1)="A","W",if(LEFT(VLOOKUP($B30,'Round 9'!$B$2:$H$361,7,false),1)="B","L","")),if(LEFT(VLOOKUP($B30,'Round 9'!$F$2:$H$361,3,false),1)="b","W",if(LEFT(VLOOKUP($B30,'Round 9'!$F$2:$H$361,3,false),1)="a","L",""))),"") -> W | M30: =iferror(iferror(if(LEFT(VLOOKUP($B30,'Round 10'!$B$2:$H$362,7,false),1)="A","W",if(LEFT(VLOOKUP($B30,'Round 10'!$B$2:$H$362,7,false),1)="B","L","")),if(LEFT(VLOOKUP($B30,'Round 10'!$F$2:$H$362,3,false),1)="b","W",if(LEFT(VLOOKUP($B30,'Round 10'!$F$2:$H$362,3,false),1)="a","L",""))),"") | N30: 247063915790336004
A31: 30 | B31: eliandiditagain | C31: =CONCATENATE(COUNTIF(D31:M31,"W") , " - " , COUNTIF(D31:M31, "L")) -> 7 - 2 | D31: =iferror(if(LEFT(VLOOKUP($B31,'Round 1'!$B$2:$H$361,7,false),1)="A","W",if(LEFT(VLOOKUP($B31,'Round 1'!$B$2:$H$361,7,false),1)="B","L","")),if(LEFT(VLOOKUP($B31,'Round 1'!$F$2:$H$361,3,false),1)="b","W",if(LEFT(VLOOKUP($B31,'Round 1'!$F$2:$H$361,3,false),1)="a","L",""))) -> L | E31: =iferror(if(LEFT(VLOOKUP($B31,'Round 2'!$C$2:$J$361,8,false),1)="A","W",if(LEFT(VLOOKUP($B31,'Round 2'!$C$2:$J$361,8,false),1)="B","L","")),if(LEFT(VLOOKUP($B31,'Round 2'!$G$2:$J$361,4,false),1)="b","W",if(LEFT(VLOOKUP($B31,'Round 2'!$G$2:$J$361,4,false),1)="a","L",""))) -> W | F31: =iferror(if(LEFT(VLOOKUP($B31,'Round 3'!$B$2:$H$361,7,false),1)="A","W",if(LEFT(VLOOKUP($B31,'Round 3'!$B$2:$H$361,7,false),1)="B","L","")),if(LEFT(VLOOKUP($B31,'Round 3'!$F$2:$H$361,3,false),1)="b","W",if(LEFT(VLOOKUP($B31,'Round 3'!$F$2:$H$361,3,false),1)="a","L",""))) -> W | G31: =iferror(if(LEFT(VLOOKUP($B31,'Round 4'!$B$2:$H$361,7,false),1)="A","W",if(LEFT(VLOOKUP($B31,'Round 4'!$B$2:$H$361,7,false),1)="B","L","")),if(LEFT(VLOOKUP($B31,'Round 4'!$F$2:$H$361,3,false),1)="b","W",if(LEFT(VLOOKUP($B31,'Round 4'!$F$2:$H$361,3,false),1)="a","L",""))) -> W | H31: =iferror(if(LEFT(VLOOKUP($B31,'Round 5'!$B$2:$H$361,7,false),1)="A","W",if(LEFT(VLOOKUP($B31,'Round 5'!$B$2:$H$361,7,false),1)="B","L","")),if(LEFT(VLOOKUP($B31,'Round 5'!$F$2:$H$361,3,false),1)="b","W",if(LEFT(VLOOKUP($B31,'Round 5'!$F$2:$H$361,3,false),1)="a","L",""))) -> W | I31: =iferror(if(LEFT(VLOOKUP($B31,'Round 6'!$B$2:$H$361,7,false),1)="A","W",if(LEFT(VLOOKUP($B31,'Round 6'!$B$2:$H$361,7,false),1)="B","L","")),if(LEFT(VLOOKUP($B31,'Round 6'!$F$2:$H$361,3,false),1)="b","W",if(LEFT(VLOOKUP($B31,'Round 6'!$F$2:$H$361,3,false),1)="a","L",""))) -> W | J31: =iferror(iferror(if(LEFT(VLOOKUP($B31,'Round 7'!$B$2:$H$361,7,false),1)="A","W",if(LEFT(VLOOKUP($B31,'Round 7'!$B$2:$H$361,7,false),1)="B","L","")),if(LEFT(VLOOKUP($B31,'Round 7'!$F$2:$H$361,3,false),1)="b","W",if(LEFT(VLOOKUP($B31,'Round 7'!$F$2:$H$361,3,false),1)="a","L",""))),"") -> L | K31: =iferror(iferror(if(LEFT(VLOOKUP($B31,'Round 8'!$B$2:$H$361,7,false),1)="A","W",if(LEFT(VLOOKUP($B31,'Round 8'!$B$2:$H$361,7,false),1)="B","L","")),if(LEFT(VLOOKUP($B31,'Round 8'!$F$2:$H$361,3,false),1)="b","W",if(LEFT(VLOOKUP($B31,'Round 8'!$F$2:$H$361,3,false),1)="a","L",""))),"") -> W | L31: =iferror(iferror(if(LEFT(VLOOKUP($B31,'Round 9'!$B$2:$H$361,7,false),1)="A","W",if(LEFT(VLOOKUP($B31,'Round 9'!$B$2:$H$361,7,false),1)="B","L","")),if(LEFT(VLOOKUP($B31,'Round 9'!$F$2:$H$361,3,false),1)="b","W",if(LEFT(VLOOKUP($B31,'Round 9'!$F$2:$H$361,3,false),1)="a","L",""))),"") -> W | M31: =iferror(iferror(if(LEFT(VLOOKUP($B31,'Round 10'!$B$2:$H$362,7,false),1)="A","W",if(LEFT(VLOOKUP($B31,'Round 10'!$B$2:$H$362,7,false),1)="B","L","")),if(LEFT(VLOOKUP($B31,'Round 10'!$F$2:$H$362,3,false),1)="b","W",if(LEFT(VLOOKUP($B31,'Round 10'!$F$2:$H$362,3,false),1)="a","L",""))),"") | N31: 268922335946342400
A32: 31 | B32: Spfunkm | C32: =CONCATENATE(COUNTIF(D32:M32,"W") , " - " , COUNTIF(D32:M32, "L")) -> 2 - 3 | D32: =iferror(if(LEFT(VLOOKUP($B32,'Round 1'!$B$2:$H$361,7,false),1)="A","W",if(LEFT(VLOOKUP($B32,'Round 1'!$B$2:$H$361,7,false),1)="B","L","")),if(LEFT(VLOOKUP($B32,'Round 1'!$F$2:$H$361,3,false),1)="b","W",if(LEFT(VLOOKUP($B32,'Round 1'!$F$2:$H$361,3,false),1)="a","L",""))) -> W | E32: =iferror(if(LEFT(VLOOKUP($B32,'Round 2'!$C$2:$J$361,8,false),1)="A","W",if(LEFT(VLOOKUP($B32,'Round 2'!$C$2:$J$361,8,false),1)="B","L","")),if(LEFT(VLOOKUP($B32,'Round 2'!$G$2:$J$361,4,false),1)="b","W",if(LEFT(VLOOKUP($B32,'Round 2'!$G$2:$J$361,4,false),1)="a","L",""))) -> W | F32: =iferror(if(LEFT(VLOOKUP($B32,'Round 3'!$B$2:$H$361,7,false),1)="A","W",if(LEFT(VLOOKUP($B32,'Round 3'!$B$2:$H$361,7,false),1)="B","L","")),if(LEFT(VLOOKUP($B32,'Round 3'!$F$2:$H$361,3,false),1)="b","W",if(LEFT(VLOOKUP($B32,'Round 3'!$F$2:$H$361,3,false),1)="a","L",""))) -> L | G32: =iferror(if(LEFT(VLOOKUP($B32,'Round 4'!$B$2:$H$361,7,false),1)="A","W",if(LEFT(VLOOKUP($B32,'Round 4'!$B$2:$H$361,7,false),1)="B","L","")),if(LEFT(VLOOKUP($B32,'Round 4'!$F$2:$H$361,3,false),1)="b","W",if(LEFT(VLOOKUP($B32,'Round 4'!$F$2:$H$361,3,false),1)="a","L",""))) -> L | H32: =iferror(if(LEFT(VLOOKUP($B32,'Round 5'!$B$2:$H$361,7,false),1)="A","W",if(LEFT(VLOOKUP($B32,'Round 5'!$B$2:$H$361,7,false),1)="B","L","")),if(LEFT(VLOOKUP($B32,'Round 5'!$F$2:$H$361,3,false),1)="b","W",if(LEFT(VLOOKUP($B32,'Round 5'!$F$2:$H$361,3,false),1)="a","L",""))) -> L | J32: =iferror(iferror(if(LEFT(VLOOKUP($B32,'Round 7'!$B$2:$H$361,7,false),1)="A","W",if(LEFT(VLOOKUP($B32,'Round 7'!$B$2:$H$361,7,false),1)="B","L","")),if(LEFT(VLOOKUP($B32,'Round 7'!$F$2:$H$361,3,false),1)="b","W",if(LEFT(VLOOKUP($B32,'Round 7'!$F$2:$H$361,3,false),1)="a","L",""))),"") | K32: =iferror(iferror(if(LEFT(VLOOKUP($B32,'Round 8'!$B$2:$H$361,7,false),1)="A","W",if(LEFT(VLOOKUP($B32,'Round 8'!$B$2:$H$361,7,false),1)="B","L","")),if(LEFT(VLOOKUP($B32,'Round 8'!$F$2:$H$361,3,false),1)="b","W",if(LEFT(VLOOKUP($B32,'Round 8'!$F$2:$H$361,3,false),1)="a","L",""))),"") | L32: =iferror(iferror(if(LEFT(VLOOKUP($B32,'Round 9'!$B$2:$H$361,7,false),1)="A","W",if(LEFT(VLOOKUP($B32,'Round 9'!$B$2:$H$361,7,false),1)="B","L","")),if(LEFT(VLOOKUP($B32,'Round 9'!$F$2:$H$361,3,false),1)="b","W",if(LEFT(VLOOKUP($B32,'Round 9'!$F$2:$H$361,3,false),1)="a","L",""))),"") | M32: =iferror(iferror(if(LEFT(VLOOKUP($B32,'Round 10'!$B$2:$H$362,7,false),1)="A","W",if(LEFT(VLOOKUP($B32,'Round 10'!$B$2:$H$362,7,false),1)="B","L","")),if(LEFT(VLOOKUP($B32,'Round 10'!$F$2:$H$362,3,false),1)="b","W",if(LEFT(VLOOKUP($B32,'Round 10'!$F$2:$H$362,3,false),1)="a","L",""))),"") | N32: SUB
A33: 32 | B33: Johnald | C33: =CONCATENATE(COUNTIF(D33:M33,"W") , " - " , COUNTIF(D33:M33, "L")) -> 6 - 3 | D33: =iferror(if(LEFT(VLOOKUP($B33,'Round 1'!$B$2:$H$361,7,false),1)="A","W",if(LEFT(VLOOKUP($B33,'Round 1'!$B$2:$H$361,7,false),1)="B","L","")),if(LEFT(VLOOKUP($B33,'Round 1'!$F$2:$H$361,3,false),1)="b","W",if(LEFT(VLOOKUP($B33,'Round 1'!$F$2:$H$361,3,false),1)="a","L",""))) -> W | E33: =iferror(if(LEFT(VLOOKUP($B33,'Round 2'!$C$2:$J$361,8,false),1)="A","W",if(LEFT(VLOOKUP($B33,'Round 2'!$C$2:$J$361,8,false),1)="B","L","")),if(LEFT(VLOOKUP($B33,'Round 2'!$G$2:$J$361,4,false),1)="b","W",if(LEFT(VLOOKUP($B33,'Round 2'!$G$2:$J$361,4,false),1)="a","L",""))) -> W | F33: =iferror(if(LEFT(VLOOKUP($B33,'Round 3'!$B$2:$H$361,7,false),1)="A","W",if(LEFT(VLOOKUP($B33,'Round 3'!$B$2:$H$361,7,false),1)="B","L","")),if(LEFT(VLOOKUP($B33,'Round 3'!$F$2:$H$361,3,false),1)="b","W",if(LEFT(VLOOKUP($B33,'Round 3'!$F$2:$H$361,3,false),1)="a","L",""))) -> W | G33: =iferror(if(LEFT(VLOOKUP($B33,'Round 4'!$B$2:$H$361,7,false),1)="A","W",if(LEFT(VLOOKUP($B33,'Round 4'!$B$2:$H$361,7,false),1)="B","L","")),if(LEFT(VLOOKUP($B33,'Round 4'!$F$2:$H$361,3,false),1)="b","W",if(LEFT(VLOOKUP($B33,'Round 4'!$F$2:$H$361,3,false),1)="a","L",""))) -> W | H33: =iferror(if(LEFT(VLOOKUP($B33,'Round 5'!$B$2:$H$361,7,false),1)="A","W",if(LEFT(VLOOKUP($B33,'Round 5'!$B$2:$H$361,7,false),1)="B","L","")),if(LEFT(VLOOKUP($B33,'Round 5'!$F$2:$H$361,3,false),1)="b","W",if(LEFT(VLOOKUP($B33,'Round 5'!$F$2:$H$361,3,false),1)="a","L",""))) -> W | I33: =iferror(if(LEFT(VLOOKUP($B33,'Round 6'!$B$2:$H$361,7,false),1)="A","W",if(LEFT(VLOOKUP($B33,'Round 6'!$B$2:$H$361,7,false),1)="B","L","")),if(LEFT(VLOOKUP($B33,'Round 6'!$F$2:$H$361,3,false),1)="b","W",if(LEFT(VLOOKUP($B33,'Round 6'!$F$2:$H$361,3,false),1)="a","L",""))) -> W | J33: =iferror(iferror(if(LEFT(VLOOKUP($B33,'Round 7'!$B$2:$H$361,7,false),1)="A","W",if(LEFT(VLOOKUP($B33,'Round 7'!$B$2:$H$361,7,false),1)="B","L","")),if(LEFT(VLOOKUP($B33,'Round 7'!$F$2:$H$361,3,false),1)="b","W",if(LEFT(VLOOKUP($B33,'Round 7'!$F$2:$H$361,3,false),1)="a","L",""))),"") -> L | K33: =iferror(iferror(if(LEFT(VLOOKUP($B33,'Round 8'!$B$2:$H$361,7,false),1)="A","W",if(LEFT(VLOOKUP($B33,'Round 8'!$B$2:$H$361,7,false),1)="B","L","")),if(LEFT(VLOOKUP($B33,'Round 8'!$F$2:$H$361,3,false),1)="b","W",if(LEFT(VLOOKUP($B33,'Round 8'!$F$2:$H$361,3,false),1)="a","L",""))),"") -> L | L33: =iferror(iferror(if(LEFT(VLOOKUP($B33,'Round 9'!$B$2:$H$361,7,false),1)="A","W",if(LEFT(VLOOKUP($B33,'Round 9'!$B$2:$H$361,7,false),1)="B","L","")),if(LEFT(VLOOKUP($B33,'Round 9'!$F$2:$H$361,3,false),1)="b","W",if(LEFT(VLOOKUP($B33,'Round 9'!$F$2:$H$361,3,false),1)="a","L",""))),"") -> L | M33: =iferror(iferror(if(LEFT(VLOOKUP($B33,'Round 10'!$B$2:$H$362,7,false),1)="A","W",if(LEFT(VLOOKUP($B33,'Round 10'!$B$2:$H$362,7,false),1)="B","L","")),if(LEFT(VLOOKUP($B33,'Round 10'!$F$2:$H$362,3,false),1)="b","W",if(LEFT(VLOOKUP($B33,'Round 10'!$F$2:$H$362,3,false),1)="a","L",""))),"") | N33: 196328307241910272
A34: 33 | B34: W_R | C34: =CONCATENATE(COUNTIF(D34:M34,"W") , " - " , COUNTIF(D34:M34, "L")) -> 2 - 3 | D34: =iferror(if(LEFT(VLOOKUP($B34,'Round 1'!$B$2:$H$361,7,false),1)="A","W",if(LEFT(VLOOKUP($B34,'Round 1'!$B$2:$H$361,7,false),1)="B","L","")),if(LEFT(VLOOKUP($B34,'Round 1'!$F$2:$H$361,3,false),1)="b","W",if(LEFT(VLOOKUP($B34,'Round 1'!$F$2:$H$361,3,false),1)="a","L",""))) -> W | E34: =iferror(if(LEFT(VLOOKUP($B34,'Round 2'!$C$2:$J$361,8,false),1)="A","W",if(LEFT(VLOOKUP($B34,'Round 2'!$C$2:$J$361,8,false),1)="B","L","")),if(LEFT(VLOOKUP($B34,'Round 2'!$G$2:$J$361,4,false),1)="b","W",if(LEFT(VLOOKUP($B34,'Round 2'!$G$2:$J$361,4,false),1)="a","L",""))) -> L | F34: =iferror(if(LEFT(VLOOKUP($B34,'Round 3'!$B$2:$H$361,7,false),1)="A","W",if(LEFT(VLOOKUP($B34,'Round 3'!$B$2:$H$361,7,false),1)="B","L","")),if(LEFT(VLOOKUP($B34,'Round 3'!$F$2:$H$361,3,false),1)="b","W",if(LEFT(VLOOKUP($B34,'Round 3'!$F$2:$H$361,3,false),1)="a","L",""))) -> W | G34: =iferror(if(LEFT(VLOOKUP($B34,'Round 4'!$B$2:$H$361,7,false),1)="A","W",if(LEFT(VLOOKUP($B34,'Round 4'!$B$2:$H$361,7,false),1)="B","L","")),if(LEFT(VLOOKUP($B34,'Round 4'!$F$2:$H$361,3,false),1)="b","W",if(LEFT(VLOOKUP($B34,'Round 4'!$F$2:$H$361,3,false),1)="a","L",""))) -> L | H34: =iferror(if(LEFT(VLOOKUP($B34,'Round 5'!$B$2:$H$361,7,false),1)="A","W",if(LEFT(VLOOKUP($B34,'Round 5'!$B$2:$H$361,7,false),1)="B","L","")),if(LEFT(VLOOKUP($B34,'Round 5'!$F$2:$H$361,3,false),1)="b","W",if(LEFT(VLOOKUP($B34,'Round 5'!$F$2:$H$361,3,false),1)="a","L",""))) -> L | J34: =iferror(iferror(if(LEFT(VLOOKUP($B34,'Round 7'!$B$2:$H$361,7,false),1)="A","W",if(LEFT(VLOOKUP($B34,'Round 7'!$B$2:$H$361,7,false),1)="B","L","")),if(LEFT(VLOOKUP($B34,'Round 7'!$F$2:$H$361,3,false),1)="b","W",if(LEFT(VLOOKUP($B34,'Round 7'!$F$2:$H$361,3,false),1)="a","L",""))),"") | K34: =iferror(iferror(if(LEFT(VLOOKUP($B34,'Round 8'!$B$2:$H$361,7,false),1)="A","W",if(LEFT(VLOOKUP($B34,'Round 8'!$B$2:$H$361,7,false),1)="B","L","")),if(LEFT(VLOOKUP($B34,'Round 8'!$F$2:$H$361,3,false),1)="b","W",if(LEFT(VLOOKUP($B34,'Round 8'!$F$2:$H$361,3,false),1)="a","L",""))),"") | L34: =iferror(iferror(if(LEFT(VLOOKUP($B34,'Round 9'!$B$2:$H$361,7,false),1)="A","W",if(LEFT(VLOOKUP($B34,'Round 9'!$B$2:$H$361,7,false),1)="B","L","")),if(LEFT(VLOOKUP($B34,'Round 9'!$F$2:$H$361,3,false),1)="b","W",if(LEFT(VLOOKUP($B34,'Round 9'!$F$2:$H$361,3,false),1)="a","L",""))),"") | M34: =iferror(iferror(if(LEFT(VLOOKUP($B34,'Round 10'!$B$2:$H$362,7,false),1)="A","W",if(LEFT(VLOOKUP($B34,'Round 10'!$B$2:$H$362,7,false),1)="B","L","")),if(LEFT(VLOOKUP($B34,'Round 10'!$F$2:$H$362,3,false),1)="b","W",if(LEFT(VLOOKUP($B34,'Round 10'!$F$2:$H$362,3,false),1)="a","L",""))),"") | N34: SUB
A35: 34 | B35: D3stiny | C35: =CONCATENATE(COUNTIF(D35:M35,"W") , " - " , COUNTIF(D35:M35, "L")) -> 6 - 3 | D35: =iferror(if(LEFT(VLOOKUP($B35,'Round 1'!$B$2:$H$361,7,false),1)="A","W",if(LEFT(VLOOKUP($B35,'Round 1'!$B$2:$H$361,7,false),1)="B","L","")),if(LEFT(VLOOKUP($B35,'Round 1'!$F$2:$H$361,3,false),1)="b","W",if(LEFT(VLOOKUP($B35,'Round 1'!$F$2:$H$361,3,false),1)="a","L",""))) -> W | E35: =iferror(if(LEFT(VLOOKUP($B35,'Round 2'!$C$2:$J$361,8,false),1)="A","W",if(LEFT(VLOOKUP($B35,'Round 2'!$C$2:$J$361,8,false),1)="B","L","")),if(LEFT(VLOOKUP($B35,'Round 2'!$G$2:$J$361,4,false),1)="b","W",if(LEFT(VLOOKUP($B35,'Round 2'!$G$2:$J$361,4,false),1)="a","L",""))) -> W | F35: =iferror(if(LEFT(VLOOKUP($B35,'Round 3'!$B$2:$H$361,7,false),1)="A","W",if(LEFT(VLOOKUP($B35,'Round 3'!$B$2:$H$361,7,false),1)="B","L","")),if(LEFT(VLOOKUP($B35,'Round 3'!$F$2:$H$361,3,false),1)="b","W",if(LEFT(VLOOKUP($B35,'Round 3'!$F$2:$H$361,3,false),1)="a","L",""))) -> W | G35: =iferror(if(LEFT(VLOOKUP($B35,'Round 4'!$B$2:$H$361,7,false),1)="A","W",if(LEFT(VLOOKUP($B35,'Round 4'!$B$2:$H$361,7,false),1)="B","L","")),if(LEFT(VLOOKUP($B35,'Round 4'!$F$2:$H$361,3,false),1)="b","W",if(LEFT(VLOOKUP($B35,'Round 4'!$F$2:$H$361,3,false),1)="a","L",""))) -> L | H35: =iferror(if(LEFT(VLOOKUP($B35,'Round 5'!$B$2:$H$361,7,false),1)="A","W",if(LEFT(VLOOKUP($B35,'Round 5'!$B$2:$H$361,7,false),1)="B","L","")),if(LEFT(VLOOKUP($B35,'Round 5'!$F$2:$H$361,3,false),1)="b","W",if(LEFT(VLOOKUP($B35,'Round 5'!$F$2:$H$361,3,false),1)="a","L",""))) -> L | I35: =iferror(if(LEFT(VLOOKUP($B35,'Round 6'!$B$2:$H$361,7,false),1)="A","W",if(LEFT(VLOOKUP($B35,'Round 6'!$B$2:$H$361,7,false),1)="B","L","")),if(LEFT(VLOOKUP($B35,'Round 6'!$F$2:$H$361,3,false),1)="b","W",if(LEFT(VLOOKUP($B35,'Round 6'!$F$2:$H$361,3,false),1)="a","L",""))) -> W | J35: =iferror(iferror(if(LEFT(VLOOKUP($B35,'Round 7'!$B$2:$H$361,7,false),1)="A","W",if(LEFT(VLOOKUP($B35,'Round 7'!$B$2:$H$361,7,false),1)="B","L","")),if(LEFT(VLOOKUP($B35,'Round 7'!$F$2:$H$361,3,false),1)="b","W",if(LEFT(VLOOKUP($B35,'Round 7'!$F$2:$H$361,3,false),1)="a","L",""))),"") -> W | K35: =iferror(iferror(if(LEFT(VLOOKUP($B35,'Round 8'!$B$2:$H$361,7,false),1)="A","W",if(LEFT(VLOOKUP($B35,'Round 8'!$B$2:$H$361,7,false),1)="B","L","")),if(LEFT(VLOOKUP($B35,'Round 8'!$F$2:$H$361,3,false),1)="b","W",if(LEFT(VLOOKUP($B35,'Round 8'!$F$2:$H$361,3,false),1)="a","L",""))),"") -> W | L35: =iferror(iferror(if(LEFT(VLOOKUP($B35,'Round 9'!$B$2:$H$361,7,false),1)="A","W",if(LEFT(VLOOKUP($B35,'Round 9'!$B$2:$H$361,7,false),1)="B","L","")),if(LEFT(VLOOKUP($B35,'Round 9'!$F$2:$H$361,3,false),1)="b","W",if(LEFT(VLOOKUP($B35,'Round 9'!$F$2:$H$361,3,false),1)="a","L",""))),"") -> L | M35: =iferror(iferror(if(LEFT(VLOOKUP($B35,'Round 10'!$B$2:$H$362,7,false),1)="A","W",if(LEFT(VLOOKUP($B35,'Round 10'!$B$2:$H$362,7,false),1)="B","L","")),if(LEFT(VLOOKUP($B35,'Round 10'!$F$2:$H$362,3,false),1)="b","W",if(LEFT(VLOOKUP($B35,'Round 10'!$F$2:$H$362,3,false),1)="a","L",""))),"") | N35: 836748504621252618
A36: 35 | B36: Zacpz | C36: =CONCATENATE(COUNTIF(D36:M36,"W") , " - " , COUNTIF(D36:M36, "L")) -> 7 - 2 | D36: =iferror(if(LEFT(VLOOKUP($B36,'Round 1'!$B$2:$H$361,7,false),1)="A","W",if(LEFT(VLOOKUP($B36,'Round 1'!$B$2:$H$361,7,false),1)="B","L","")),if(LEFT(VLOOKUP($B36,'Round 1'!$F$2:$H$361,3,false),1)="b","W",if(LEFT(VLOOKUP($B36,'Round 1'!$F$2:$H$361,3,false),1)="a","L",""))) -> W | E36: =iferror(if(LEFT(VLOOKUP($B36,'Round 2'!$C$2:$J$361,8,false),1)="A","W",if(LEFT(VLOOKUP($B36,'Round 2'!$C$2:$J$361,8,false),1)="B","L","")),if(LEFT(VLOOKUP($B36,'Round 2'!$G$2:$J$361,4,false),1)="b","W",if(LEFT(VLOOKUP($B36,'Round 2'!$G$2:$J$361,4,false),1)="a","L",""))) -> W | F36: =iferror(if(LEFT(VLOOKUP($B36,'Round 3'!$B$2:$H$361,7,false),1)="A","W",if(LEFT(VLOOKUP($B36,'Round 3'!$B$2:$H$361,7,false),1)="B","L","")),if(LEFT(VLOOKUP($B36,'Round 3'!$F$2:$H$361,3,false),1)="b","W",if(LEFT(VLOOKUP($B36,'Round 3'!$F$2:$H$361,3,false),1)="a","L",""))) -> L | G36: =iferror(if(LEFT(VLOOKUP($B36,'Round 4'!$B$2:$H$361,7,false),1)="A","W",if(LEFT(VLOOKUP($B36,'Round 4'!$B$2:$H$361,7,false),1)="B","L","")),if(LEFT(VLOOKUP($B36,'Round 4'!$F$2:$H$361,3,false),1)="b","W",if(LEFT(VLOOKUP($B36,'Round 4'!$F$2:$H$361,3,false),1)="a","L",""))) -> W | H36: =iferror(if(LEFT(VLOOKUP($B36,'Round 5'!$B$2:$H$361,7,false),1)="A","W",if(LEFT(VLOOKUP($B36,'Round 5'!$B$2:$H$361,7,false),1)="B","L","")),if(LEFT(VLOOKUP($B36,'Round 5'!$F$2:$H$361,3,false),1)="b","W",if(LEFT(VLOOKUP($B36,'Round 5'!$F$2:$H$361,3,false),1)="a","L",""))) -> W | I36: =iferror(if(LEFT(VLOOKUP($B36,'Round 6'!$B$2:$H$361,7,false),1)="A","W",if(LEFT(VLOOKUP($B36,'Round 6'!$B$2:$H$361,7,false),1)="B","L","")),if(LEFT(VLOOKUP($B36,'Round 6'!$F$2:$H$361,3,false),1)="b","W",if(LEFT(VLOOKUP($B36,'Round 6'!$F$2:$H$361,3,false),1)="a","L",""))) -> W | J36: =iferror(iferror(if(LEFT(VLOOKUP($B36,'Round 7'!$B$2:$H$361,7,false),1)="A","W",if(LEFT(VLOOKUP($B36,'Round 7'!$B$2:$H$361,7,false),1)="B","L","")),if(LEFT(VLOOKUP($B36,'Round 7'!$F$2:$H$361,3,false),1)="b","W",if(LEFT(VLOOKUP($B36,'Round 7'!$F$2:$H$361,3,false),1)="a","L",""))),"") -> W | K36: =iferror(iferror(if(LEFT(VLOOKUP($B36,'Round 8'!$B$2:$H$361,7,false),1)="A","W",if(LEFT(VLOOKUP($B36,'Round 8'!$B$2:$H$361,7,false),1)="B","L","")),if(LEFT(VLOOKUP($B36,'Round 8'!$F$2:$H$361,3,false),1)="b","W",if(LEFT(VLOOKUP($B36,'Round 8'!$F$2:$H$361,3,false),1)="a","L",""))),"") -> L | L36: =iferror(iferror(if(LEFT(VLOOKUP($B36,'Round 9'!$B$2:$H$361,7,false),1)="A","W",if(LEFT(VLOOKUP($B36,'Round 9'!$B$2:$H$361,7,false),1)="B","L","")),if(LEFT(VLOOKUP($B36,'Round 9'!$F$2:$H$361,3,false),1)="b","W",if(LEFT(VLOOKUP($B36,'Round 9'!$F$2:$H$361,3,false),1)="a","L",""))),"") -> W | M36: =iferror(iferror(if(LEFT(VLOOKUP($B36,'Round 10'!$B$2:$H$362,7,false),1)="A","W",if(LEFT(VLOOKUP($B36,'Round 10'!$B$2:$H$362,7,false),1)="B","L","")),if(LEFT(VLOOKUP($B36,'Round 10'!$F$2:$H$362,3,false),1)="b","W",if(LEFT(VLOOKUP($B36,'Round 10'!$F$2:$H$362,3,false),1)="a","L",""))),"") | N36: 719547987277119638
A37: 36 | B37: Segale | C37: =CONCATENATE(COUNTIF(D37:M37,"W") , " - " , COUNTIF(D37:M37, "L")) -> 7 - 2 | D37: =iferror(if(LEFT(VLOOKUP($B37,'Round 1'!$B$2:$H$361,7,false),1)="A","W",if(LEFT(VLOOKUP($B37,'Round 1'!$B$2:$H$361,7,false),1)="B","L","")),if(LEFT(VLOOKUP($B37,'Round 1'!$F$2:$H$361,3,false),1)="b","W",if(LEFT(VLOOKUP($B37,'Round 1'!$F$2:$H$361,3,false),1)="a","L",""))) -> W | E37: =iferror(if(LEFT(VLOOKUP($B37,'Round 2'!$C$2:$J$361,8,false),1)="A","W",if(LEFT(VLOOKUP($B37,'Round 2'!$C$2:$J$361,8,false),1)="B","L","")),if(LEFT(VLOOKUP($B37,'Round 2'!$G$2:$J$361,4,false),1)="b","W",if(LEFT(VLOOKUP($B37,'Round 2'!$G$2:$J$361,4,false),1)="a","L",""))) -> W | F37: =iferror(if(LEFT(VLOOKUP($B37,'Round 3'!$B$2:$H$361,7,false),1)="A","W",if(LEFT(VLOOKUP($B37,'Round 3'!$B$2:$H$361,7,false),1)="B","L","")),if(LEFT(VLOOKUP($B37,'Round 3'!$F$2:$H$361,3,false),1)="b","W",if(LEFT(VLOOKUP($B37,'Round 3'!$F$2:$H$361,3,false),1)="a","L",""))) -> W | G37: =iferror(if(LEFT(VLOOKUP($B37,'Round 4'!$B$2:$H$361,7,false),1)="A","W",if(LEFT(VLOOKUP($B37,'Round 4'!$B$2:$H$361,7,false),1)="B","L","")),if(LEFT(VLOOKUP($B37,'Round 4'!$F$2:$H$361,3,false),1)="b","W",if(LEFT(VLOOKUP($B37,'Round 4'!$F$2:$H$361,3,false),1)="a","L",""))) -> L | H37: =iferror(if(LEFT(VLOOKUP($B37,'Round 5'!$B$2:$H$361,7,false),1)="A","W",if(LEFT(VLOOKUP($B37,'Round 5'!$B$2:$H$361,7,false),1)="B","L","")),if(LEFT(VLOOKUP($B37,'Round 5'!$F$2:$H$361,3,false),1)="b","W",if(LEFT(VLOOKUP($B37,'Round 5'!$F$2:$H$361,3,false),1)="a","L",""))) -> W | I37: =iferror(if(LEFT(VLOOKUP($B37,'Round 6'!$B$2:$H$361,7,false),1)="A","W",if(LEFT(VLOOKUP($B37,'Round 6'!$B$2:$H$361,7,false),1)="B","L","")),if(LEFT(VLOOKUP($B37,'Round 6'!$F$2:$H$361,3,false),1)="b","W",if(LEFT(VLOOKUP($B37,'Round 6'!$F$2:$H$361,3,false),1)="a","L",""))) -> W | J37: =iferror(iferror(if(LEFT(VLOOKUP($B37,'Round 7'!$B$2:$H$361,7,false),1)="A","W",if(LEFT(VLOOKUP($B37,'Round 7'!$B$2:$H$361,7,false),1)="B","L","")),if(LEFT(VLOOKUP($B37,'Round 7'!$F$2:$H$361,3,false),1)="b","W",if(LEFT(VLOOKUP($B37,'Round 7'!$F$2:$H$361,3,false),1)="a","L",""))),"") -> W | K37: =iferror(iferror(if(LEFT(VLOOKUP($B37,'Round 8'!$B$2:$H$361,7,false),1)="A","W",if(LEFT(VLOOKUP($B37,'Round 8'!$B$2:$H$361,7,false),1)="B","L","")),if(LEFT(VLOOKUP($B37,'Round 8'!$F$2:$H$361,3,false),1)="b","W",if(LEFT(VLOOKUP($B37,'Round 8'!$F$2:$H$361,3,false),1)="a","L",""))),"") -> L | L37: =iferror(iferror(if(LEFT(VLOOKUP($B37,'Round 9'!$B$2:$H$361,7,false),1)="A","W",if(LEFT(VLOOKUP($B37,'Round 9'!$B$2:$H$361,7,false),1)="B","L","")),if(LEFT(VLOOKUP($B37,'Round 9'!$F$2:$H$361,3,false),1)="b","W",if(LEFT(VLOOKUP($B37,'Round 9'!$F$2:$H$361,3,false),1)="a","L",""))),"") -> W | M37: =iferror(iferror(if(LEFT(VLOOKUP($B37,'Round 10'!$B$2:$H$362,7,false),1)="A","W",if(LEFT(VLOOKUP($B37,'Round 10'!$B$2:$H$362,7,false),1)="B","L","")),if(LEFT(VLOOKUP($B37,'Round 10'!$F$2:$H$362,3,false),1)="b","W",if(LEFT(VLOOKUP($B37,'Round 10'!$F$2:$H$362,3,false),1)="a","L",""))),"") | N37: 1059548623416856608
A38: 37 | B38: Zerkas | C38: =CONCATENATE(COUNTIF(D38:M38,"W") , " - " , COUNTIF(D38:M38, "L")) -> 3 - 3 | D38: =iferror(if(LEFT(VLOOKUP($B38,'Round 1'!$B$2:$H$361,7,false),1)="A","W",if(LEFT(VLOOKUP($B38,'Round 1'!$B$2:$H$361,7,false),1)="B","L","")),if(LEFT(VLOOKUP($B38,'Round 1'!$F$2:$H$361,3,false),1)="b","W",if(LEFT(VLOOKUP($B38,'Round 1'!$F$2:$H$361,3,false),1)="a","L",""))) -> W | E38: =iferror(if(LEFT(VLOOKUP($B38,'Round 2'!$C$2:$J$361,8,false),1)="A","W",if(LEFT(VLOOKUP($B38,'Round 2'!$C$2:$J$361,8,false),1)="B","L","")),if(LEFT(VLOOKUP($B38,'Round 2'!$G$2:$J$361,4,false),1)="b","W",if(LEFT(VLOOKUP($B38,'Round 2'!$G$2:$J$361,4,false),1)="a","L",""))) -> L | F38: =iferror(if(LEFT(VLOOKUP($B38,'Round 3'!$B$2:$H$361,7,false),1)="A","W",if(LEFT(VLOOKUP($B38,'Round 3'!$B$2:$H$361,7,false),1)="B","L","")),if(LEFT(VLOOKUP($B38,'Round 3'!$F$2:$H$361,3,false),1)="b","W",if(LEFT(VLOOKUP($B38,'Round 3'!$F$2:$H$361,3,false),1)="a","L",""))) -> L | G38: =iferror(if(LEFT(VLOOKUP($B38,'Round 4'!$B$2:$H$361,7,false),1)="A","W",if(LEFT(VLOOKUP($B38,'Round 4'!$B$2:$H$361,7,false),1)="B","L","")),if(LEFT(VLOOKUP($B38,'Round 4'!$F$2:$H$361,3,false),1)="b","W",if(LEFT(VLOOKUP($B38,'Round 4'!$F$2:$H$361,3,false),1)="a","L",""))) -> W | H38: =iferror(if(LEFT(VLOOKUP($B38,'Round 5'!$B$2:$H$361,7,false),1)="A","W",if(LEFT(VLOOKUP($B38,'Round 5'!$B$2:$H$361,7,false),1)="B","L","")),if(LEFT(VLOOKUP($B38,'Round 5'!$F$2:$H$361,3,false),1)="b","W",if(LEFT(VLOOKUP($B38,'Round 5'!$F$2:$H$361,3,false),1)="a","L",""))) -> W | I38: =iferror(if(LEFT(VLOOKUP($B38,'Round 6'!$B$2:$H$361,7,false),1)="A","W",if(LEFT(VLOOKUP($B38,'Round 6'!$B$2:$H$361,7,false),1)="B","L","")),if(LEFT(VLOOKUP($B38,'Round 6'!$F$2:$H$361,3,false),1)="b","W",if(LEFT(VLOOKUP($B38,'Round 6'!$F$2:$H$361,3,false),1)="a","L",""))) -> L | J38: =iferror(iferror(if(LEFT(VLOOKUP($B38,'Round 7'!$B$2:$H$361,7,false),1)="A","W",if(LEFT(VLOOKUP($B38,'Round 7'!$B$2:$H$361,7,false),1)="B","L","")),if(LEFT(VLOOKUP($B38,'Round 7'!$F$2:$H$361,3,false),1)="b","W",if(LEFT(VLOOKUP($B38,'Round 7'!$F$2:$H$361,3,false),1)="a","L",""))),"") | K38: =iferror(iferror(if(LEFT(VLOOKUP($B38,'Round 8'!$B$2:$H$361,7,false),1)="A","W",if(LEFT(VLOOKUP($B38,'Round 8'!$B$2:$H$361,7,false),1)="B","L","")),if(LEFT(VLOOKUP($B38,'Round 8'!$F$2:$H$361,3,false),1)="b","W",if(LEFT(VLOOKUP($B38,'Round 8'!$F$2:$H$361,3,false),1)="a","L",""))),"") | L38: =iferror(iferror(if(LEFT(VLOOKUP($B38,'Round 9'!$B$2:$H$361,7,false),1)="A","W",if(LEFT(VLOOKUP($B38,'Round 9'!$B$2:$H$361,7,false),1)="B","L","")),if(LEFT(VLOOKUP($B38,'Round 9'!$F$2:$H$361,3,false),1)="b","W",if(LEFT(VLOOKUP($B38,'Round 9'!$F$2:$H$361,3,false),1)="a","L",""))),"") | M38: =iferror(iferror(if(LEFT(VLOOKUP($B38,'Round 10'!$B$2:$H$362,7,false),1)="A","W",if(LEFT(VLOOKUP($B38,'Round 10'!$B$2:$H$362,7,false),1)="B","L","")),if(LEFT(VLOOKUP($B38,'Round 10'!$F$2:$H$362,3,false),1)="b","W",if(LEFT(VLOOKUP($B38,'Round 10'!$F$2:$H$362,3,false),1)="a","L",""))),"") | N38: 832336642315518002
A39: 38 | B39: Colteor | C39: =CONCATENATE(COUNTIF(D39:M39,"W") , " - " , COUNTIF(D39:M39, "L")) -> 4 - 3 | D39: =iferror(if(LEFT(VLOOKUP($B39,'Round 1'!$B$2:$H$361,7,false),1)="A","W",if(LEFT(VLOOKUP($B39,'Round 1'!$B$2:$H$361,7,false),1)="B","L","")),if(LEFT(VLOOKUP($B39,'Round 1'!$F$2:$H$361,3,false),1)="b","W",if(LEFT(VLOOKUP($B39,'Round 1'!$F$2:$H$361,3,false),1)="a","L",""))) -> W | E39: =iferror(if(LEFT(VLOOKUP($B39,'Round 2'!$C$2:$J$361,8,false),1)="A","W",if(LEFT(VLOOKUP($B39,'Round 2'!$C$2:$J$361,8,false),1)="B","L","")),if(LEFT(VLOOKUP($B39,'Round 2'!$G$2:$J$361,4,false),1)="b","W",if(LEFT(VLOOKUP($B39,'Round 2'!$G$2:$J$361,4,false),1)="a","L",""))) -> L | F39: =iferror(if(LEFT(VLOOKUP($B39,'Round 3'!$B$2:$H$361,7,false),1)="A","W",if(LEFT(VLOOKUP($B39,'Round 3'!$B$2:$H$361,7,false),1)="B","L","")),if(LEFT(VLOOKUP($B39,'Round 3'!$F$2:$H$361,3,false),1)="b","W",if(LEFT(VLOOKUP($B39,'Round 3'!$F$2:$H$361,3,false),1)="a","L",""))) -> W | G39: =iferror(if(LEFT(VLOOKUP($B39,'Round 4'!$B$2:$H$361,7,false),1)="A","W",if(LEFT(VLOOKUP($B39,'Round 4'!$B$2:$H$361,7,false),1)="B","L","")),if(LEFT(VLOOKUP($B39,'Round 4'!$F$2:$H$361,3,false),1)="b","W",if(LEFT(VLOOKUP($B39,'Round 4'!$F$2:$H$361,3,false),1)="a","L",""))) -> W | H39: =iferror(if(LEFT(VLOOKUP($B39,'Round 5'!$B$2:$H$361,7,false),1)="A","W",if(LEFT(VLOOKUP($B39,'Round 5'!$B$2:$H$361,7,false),1)="B","L","")),if(LEFT(VLOOKUP($B39,'Round 5'!$F$2:$H$361,3,false),1)="b","W",if(LEFT(VLOOKUP($B39,'Round 5'!$F$2:$H$361,3,false),1)="a","L",""))) -> W | I39: =iferror(if(LEFT(VLOOKUP($B39,'Round 6'!$B$2:$H$361,7,false),1)="A","W",if(LEFT(VLOOKUP($B39,'Round 6'!$B$2:$H$361,7,false),1)="B","L","")),if(LEFT(VLOOKUP($B39,'Round 6'!$F$2:$H$361,3,false),1)="b","W",if(LEFT(VLOOKUP($B39,'Round 6'!$F$2:$H$361,3,false),1)="a","L",""))) -> L | J39: =iferror(iferror(if(LEFT(VLOOKUP($B39,'Round 7'!$B$2:$H$361,7,false),1)="A","W",if(LEFT(VLOOKUP($B39,'Round 7'!$B$2:$H$361,7,false),1)="B","L","")),if(LEFT(VLOOKUP($B39,'Round 7'!$F$2:$H$361,3,false),1)="b","W",if(LEFT(VLOOKUP($B39,'Round 7'!$F$2:$H$361,3,false),1)="a","L",""))),"") -> L | K39: =iferror(iferror(if(LEFT(VLOOKUP($B39,'Round 8'!$B$2:$H$361,7,false),1)="A","W",if(LEFT(VLOOKUP($B39,'Round 8'!$B$2:$H$361,7,false),1)="B","L","")),if(LEFT(VLOOKUP($B39,'Round 8'!$F$2:$H$361,3,false),1)="b","W",if(LEFT(VLOOKUP($B39,'Round 8'!$F$2:$H$361,3,false),1)="a","L",""))),"") | L39: =iferror(iferror(if(LEFT(VLOOKUP($B39,'Round 9'!$B$2:$H$361,7,false),1)="A","W",if(LEFT(VLOOKUP($B39,'Round 9'!$B$2:$H$361,7,false),1)="B","L","")),if(LEFT(VLOOKUP($B39,'Round 9'!$F$2:$H$361,3,false),1)="b","W",if(LEFT(VLOOKUP($B39,'Round 9'!$F$2:$H$361,3,false),1)="a","L",""))),"") | M39: =iferror(iferror(if(LEFT(VLOOKUP($B39,'Round 10'!$B$2:$H$362,7,false),1)="A","W",if(LEFT(VLOOKUP($B39,'Round 10'!$B$2:$H$362,7,false),1)="B","L","")),if(LEFT(VLOOKUP($B39,'Round 10'!$F$2:$H$362,3,false),1)="b","W",if(LEFT(VLOOKUP($B39,'Round 10'!$F$2:$H$362,3,false),1)="a","L",""))),"") | N39: 327152054747529217
A40: 39 | B40: earlgr3y | C40: =CONCATENATE(COUNTIF(D40:M40,"W") , " - " , COUNTIF(D40:M40, "L")) -> 8 - 1 | D40: =iferror(if(LEFT(VLOOKUP($B40,'Round 1'!$B$2:$H$361,7,false),1)="A","W",if(LEFT(VLOOKUP($B40,'Round 1'!$B$2:$H$361,7,false),1)="B","L","")),if(LEFT(VLOOKUP($B40,'Round 1'!$F$2:$H$361,3,false),1)="b","W",if(LEFT(VLOOKUP($B40,'Round 1'!$F$2:$H$361,3,false),1)="a","L",""))) -> W | E40: =iferror(if(LEFT(VLOOKUP($B40,'Round 2'!$C$2:$J$361,8,false),1)="A","W",if(LEFT(VLOOKUP($B40,'Round 2'!$C$2:$J$361,8,false),1)="B","L","")),if(LEFT(VLOOKUP($B40,'Round 2'!$G$2:$J$361,4,false),1)="b","W",if(LEFT(VLOOKUP($B40,'Round 2'!$G$2:$J$361,4,false),1)="a","L",""))) -> W | F40: =iferror(if(LEFT(VLOOKUP($B40,'Round 3'!$B$2:$H$361,7,false),1)="A","W",if(LEFT(VLOOKUP($B40,'Round 3'!$B$2:$H$361,7,false),1)="B","L","")),if(LEFT(VLOOKUP($B40,'Round 3'!$F$2:$H$361,3,false),1)="b","W",if(LEFT(VLOOKUP($B40,'Round 3'!$F$2:$H$361,3,false),1)="a","L",""))) -> W | G40: =iferror(if(LEFT(VLOOKUP($B40,'Round 4'!$B$2:$H$361,7,false),1)="A","W",if(LEFT(VLOOKUP($B40,'Round 4'!$B$2:$H$361,7,false),1)="B","L","")),if(LEFT(VLOOKUP($B40,'Round 4'!$F$2:$H$361,3,false),1)="b","W",if(LEFT(VLOOKUP($B40,'Round 4'!$F$2:$H$361,3,false),1)="a","L",""))) -> L | H40: =iferror(if(LEFT(VLOOKUP($B40,'Round 5'!$B$2:$H$361,7,false),1)="A","W",if(LEFT(VLOOKUP($B40,'Round 5'!$B$2:$H$361,7,false),1)="B","L","")),if(LEFT(VLOOKUP($B40,'Round 5'!$F$2:$H$361,3,false),1)="b","W",if(LEFT(VLOOKUP($B40,'Round 5'!$F$2:$H$361,3,false),1)="a","L",""))) -> W | I40: =iferror(if(LEFT(VLOOKUP($B40,'Round 6'!$B$2:$H$361,7,false),1)="A","W",if(LEFT(VLOOKUP($B40,'Round 6'!$B$2:$H$361,7,false),1)="B","L","")),if(LEFT(VLOOKUP($B40,'Round 6'!$F$2:$H$361,3,false),1)="b","W",if(LEFT(VLOOKUP($B40,'Round 6'!$F$2:$H$361,3,false),1)="a","L",""))) -> W | J40: =iferror(iferror(if(LEFT(VLOOKUP($B40,'Round 7'!$B$2:$H$361,7,false),1)="A","W",if(LEFT(VLOOKUP($B40,'Round 7'!$B$2:$H$361,7,false),1)="B","L","")),if(LEFT(VLOOKUP($B40,'Round 7'!$F$2:$H$361,3,false),1)="b","W",if(LEFT(VLOOKUP($B40,'Round 7'!$F$2:$H$361,3,false),1)="a","L",""))),"") -> W | K40: =iferror(iferror(if(LEFT(VLOOKUP($B40,'Round 8'!$B$2:$H$361,7,false),1)="A","W",if(LEFT(VLOOKUP($B40,'Round 8'!$B$2:$H$361,7,false),1)="B","L","")),if(LEFT(VLOOKUP($B40,'Round 8'!$F$2:$H$361,3,false),1)="b","W",if(LEFT(VLOOKUP($B40,'Round 8'!$F$2:$H$361,3,false),1)="a","L",""))),"") -> W | L40: =iferror(iferror(if(LEFT(VLOOKUP($B40,'Round 9'!$B$2:$H$361,7,false),1)="A","W",if(LEFT(VLOOKUP($B40,'Round 9'!$B$2:$H$361,7,false),1)="B","L","")),if(LEFT(VLOOKUP($B40,'Round 9'!$F$2:$H$361,3,false),1)="b","W",if(LEFT(VLOOKUP($B40,'Round 9'!$F$2:$H$361,3,false),1)="a","L",""))),"") -> W | M40: =iferror(iferror(if(LEFT(VLOOKUP($B40,'Round 10'!$B$2:$H$362,7,false),1)="A","W",if(LEFT(VLOOKUP($B40,'Round 10'!$B$2:$H$362,7,false),1)="B","L","")),if(LEFT(VLOOKUP($B40,'Round 10'!$F$2:$H$362,3,false),1)="b","W",if(LEFT(VLOOKUP($B40,'Round 10'!$F$2:$H$362,3,false),1)="a","L",""))),"") | N40: 1058405539903713330
A41: 40 | B41: goldmason | C41: =CONCATENATE(COUNTIF(D41:M41,"W") , " - " , COUNTIF(D41:M41, "L")) -> 2 - 3 | D41: =iferror(if(LEFT(VLOOKUP($B41,'Round 1'!$B$2:$H$361,7,false),1)="A","W",if(LEFT(VLOOKUP($B41,'Round 1'!$B$2:$H$361,7,false),1)="B","L","")),if(LEFT(VLOOKUP($B41,'Round 1'!$F$2:$H$361,3,false),1)="b","W",if(LEFT(VLOOKUP($B41,'Round 1'!$F$2:$H$361,3,false),1)="a","L",""))) -> W | E41: =iferror(if(LEFT(VLOOKUP($B41,'Round 2'!$C$2:$J$361,8,false),1)="A","W",if(LEFT(VLOOKUP($B41,'Round 2'!$C$2:$J$361,8,false),1)="B","L","")),if(LEFT(VLOOKUP($B41,'Round 2'!$G$2:$J$361,4,false),1)="b","W",if(LEFT(VLOOKUP($B41,'Round 2'!$G$2:$J$361,4,false),1)="a","L",""))) -> W | F41: =iferror(if(LEFT(VLOOKUP($B41,'Round 3'!$B$2:$H$361,7,false),1)="A","W",if(LEFT(VLOOKUP($B41,'Round 3'!$B$2:$H$361,7,false),1)="B","L","")),if(LEFT(VLOOKUP($B41,'Round 3'!$F$2:$H$361,3,false),1)="b","W",if(LEFT(VLOOKUP($B41,'Round 3'!$F$2:$H$361,3,false),1)="a","L",""))) -> L | G41: =iferror(if(LEFT(VLOOKUP($B41,'Round 4'!$B$2:$H$361,7,false),1)="A","W",if(LEFT(VLOOKUP($B41,'Round 4'!$B$2:$H$361,7,false),1)="B","L","")),if(LEFT(VLOOKUP($B41,'Round 4'!$F$2:$H$361,3,false),1)="b","W",if(LEFT(VLOOKUP($B41,'Round 4'!$F$2:$H$361,3,false),1)="a","L",""))) -> L | H41: =iferror(if(LEFT(VLOOKUP($B41,'Round 5'!$B$2:$H$361,7,false),1)="A","W",if(LEFT(VLOOKUP($B41,'Round 5'!$B$2:$H$361,7,false),1)="B","L","")),if(LEFT(VLOOKUP($B41,'Round 5'!$F$2:$H$361,3,false),1)="b","W",if(LEFT(VLOOKUP($B41,'Round 5'!$F$2:$H$361,3,false),1)="a","L",""))) -> L | J41: =iferror(iferror(if(LEFT(VLOOKUP($B41,'Round 7'!$B$2:$H$361,7,false),1)="A","W",if(LEFT(VLOOKUP($B41,'Round 7'!$B$2:$H$361,7,false),1)="B","L","")),if(LEFT(VLOOKUP($B41,'Round 7'!$F$2:$H$361,3,false),1)="b","W",if(LEFT(VLOOKUP($B41,'Round 7'!$F$2:$H$361,3,false),1)="a","L",""))),"") | K41: =iferror(iferror(if(LEFT(VLOOKUP($B41,'Round 8'!$B$2:$H$361,7,false),1)="A","W",if(LEFT(VLOOKUP($B41,'Round 8'!$B$2:$H$361,7,false),1)="B","L","")),if(LEFT(VLOOKUP($B41,'Round 8'!$F$2:$H$361,3,false),1)="b","W",if(LEFT(VLOOKUP($B41,'Round 8'!$F$2:$H$361,3,false),1)="a","L",""))),"") | L41: =iferror(iferror(if(LEFT(VLOOKUP($B41,'Round 9'!$B$2:$H$361,7,false),1)="A","W",if(LEFT(VLOOKUP($B41,'Round 9'!$B$2:$H$361,7,false),1)="B","L","")),if(LEFT(VLOOKUP($B41,'Round 9'!$F$2:$H$361,3,false),1)="b","W",if(LEFT(VLOOKUP($B41,'Round 9'!$F$2:$H$361,3,false),1)="a","L",""))),"") | M41: =iferror(iferror(if(LEFT(VLOOKUP($B41,'Round 10'!$B$2:$H$362,7,false),1)="A","W",if(LEFT(VLOOKUP($B41,'Round 10'!$B$2:$H$362,7,false),1)="B","L","")),if(LEFT(VLOOKUP($B41,'Round 10'!$F$2:$H$362,3,false),1)="b","W",if(LEFT(VLOOKUP($B41,'Round 10'!$F$2:$H$362,3,false),1)="a","L",""))),"") | N41: 140308490609623041
A42: 41 | B42: Celdanami | C42: =CONCATENATE(COUNTIF(D42:M42,"W") , " - " , COUNTIF(D42:M42, "L")) -> 5 - 3 | D42: =iferror(if(LEFT(VLOOKUP($B42,'Round 1'!$B$2:$H$361,7,false),1)="A","W",if(LEFT(VLOOKUP($B42,'Round 1'!$B$2:$H$361,7,false),1)="B","L","")),if(LEFT(VLOOKUP($B42,'Round 1'!$F$2:$H$361,3,false),1)="b","W",if(LEFT(VLOOKUP($B42,'Round 1'!$F$2:$H$361,3,false),1)="a","L",""))) -> W | E42: =iferror(if(LEFT(VLOOKUP($B42,'Round 2'!$C$2:$J$361,8,false),1)="A","W",if(LEFT(VLOOKUP($B42,'Round 2'!$C$2:$J$361,8,false),1)="B","L","")),if(LEFT(VLOOKUP($B42,'Round 2'!$G$2:$J$361,4,false),1)="b","W",if(LEFT(VLOOKUP($B42,'Round 2'!$G$2:$J$361,4,false),1)="a","L",""))) -> L | F42: =iferror(if(LEFT(VLOOKUP($B42,'Round 3'!$B$2:$H$361,7,false),1)="A","W",if(LEFT(VLOOKUP($B42,'Round 3'!$B$2:$H$361,7,false),1)="B","L","")),if(LEFT(VLOOKUP($B42,'Round 3'!$F$2:$H$361,3,false),1)="b","W",if(LEFT(VLOOKUP($B42,'Round 3'!$F$2:$H$361,3,false),1)="a","L",""))) -> W | G42: =iferror(if(LEFT(VLOOKUP($B42,'Round 4'!$B$2:$H$361,7,false),1)="A","W",if(LEFT(VLOOKUP($B42,'Round 4'!$B$2:$H$361,7,false),1)="B","L","")),if(LEFT(VLOOKUP($B42,'Round 4'!$F$2:$H$361,3,false),1)="b","W",if(LEFT(VLOOKUP($B42,'Round 4'!$F$2:$H$361,3,false),1)="a","L",""))) -> W | H42: =iferror(if(LEFT(VLOOKUP($B42,'Round 5'!$B$2:$H$361,7,false),1)="A","W",if(LEFT(VLOOKUP($B42,'Round 5'!$B$2:$H$361,7,false),1)="B","L","")),if(LEFT(VLOOKUP($B42,'Round 5'!$F$2:$H$361,3,false),1)="b","W",if(LEFT(VLOOKUP($B42,'Round 5'!$F$2:$H$361,3,false),1)="a","L",""))) -> W | I42: =iferror(if(LEFT(VLOOKUP($B42,'Round 6'!$B$2:$H$361,7,false),1)="A","W",if(LEFT(VLOOKUP($B42,'Round 6'!$B$2:$H$361,7,false),1)="B","L","")),if(LEFT(VLOOKUP($B42,'Round 6'!$F$2:$H$361,3,false),1)="b","W",if(LEFT(VLOOKUP($B42,'Round 6'!$F$2:$H$361,3,false),1)="a","L",""))) -> W | J42: =iferror(iferror(if(LEFT(VLOOKUP($B42,'Round 7'!$B$2:$H$361,7,false),1)="A","W",if(LEFT(VLOOKUP($B42,'Round 7'!$B$2:$H$361,7,false),1)="B","L","")),if(LEFT(VLOOKUP($B42,'Round 7'!$F$2:$H$361,3,false),1)="b","W",if(LEFT(VLOOKUP($B42,'Round 7'!$F$2:$H$361,3,false),1)="a","L",""))),"") -> L | K42: =iferror(iferror(if(LEFT(VLOOKUP($B42,'Round 8'!$B$2:$H$361,7,false),1)="A","W",if(LEFT(VLOOKUP($B42,'Round 8'!$B$2:$H$361,7,false),1)="B","L","")),if(LEFT(VLOOKUP($B42,'Round 8'!$F$2:$H$361,3,false),1)="b","W",if(LEFT(VLOOKUP($B42,'Round 8'!$F$2:$H$361,3,false),1)="a","L",""))),"") -> L | L42: =iferror(iferror(if(LEFT(VLOOKUP($B42,'Round 9'!$B$2:$H$361,7,false),1)="A","W",if(LEFT(VLOOKUP($B42,'Round 9'!$B$2:$H$361,7,false),1)="B","L","")),if(LEFT(VLOOKUP($B42,'Round 9'!$F$2:$H$361,3,false),1)="b","W",if(LEFT(VLOOKUP($B42,'Round 9'!$F$2:$H$361,3,false),1)="a","L",""))),"") | M42: =iferror(iferror(if(LEFT(VLOOKUP($B42,'Round 10'!$B$2:$H$362,7,false),1)="A","W",if(LEFT(VLOOKUP($B42,'Round 10'!$B$2:$H$362,7,false),1)="B","L","")),if(LEFT(VLOOKUP($B42,'Round 10'!$F$2:$H$362,3,false),1)="b","W",if(LEFT(VLOOKUP($B42,'Round 10'!$F$2:$H$362,3,false),1)="a","L",""))),"") | N42: 1031364783804526612
A43: 42 | B43: ThisGuyMuks | C43: =CONCATENATE(COUNTIF(D43:M43,"W") , " - " , COUNTIF(D43:M43, "L")) -> 7 - 2 | D43: =iferror(if(LEFT(VLOOKUP($B43,'Round 1'!$B$2:$H$361,7,false),1)="A","W",if(LEFT(VLOOKUP($B43,'Round 1'!$B$2:$H$361,7,false),1)="B","L","")),if(LEFT(VLOOKUP($B43,'Round 1'!$F$2:$H$361,3,false),1)="b","W",if(LEFT(VLOOKUP($B43,'Round 1'!$F$2:$H$361,3,false),1)="a","L",""))) -> W | E43: =iferror(if(LEFT(VLOOKUP($B43,'Round 2'!$C$2:$J$361,8,false),1)="A","W",if(LEFT(VLOOKUP($B43,'Round 2'!$C$2:$J$361,8,false),1)="B","L","")),if(LEFT(VLOOKUP($B43,'Round 2'!$G$2:$J$361,4,false),1)="b","W",if(LEFT(VLOOKUP($B43,'Round 2'!$G$2:$J$361,4,false),1)="a","L",""))) -> W | F43: =iferror(if(LEFT(VLOOKUP($B43,'Round 3'!$B$2:$H$361,7,false),1)="A","W",if(LEFT(VLOOKUP($B43,'Round 3'!$B$2:$H$361,7,false),1)="B","L","")),if(LEFT(VLOOKUP($B43,'Round 3'!$F$2:$H$361,3,false),1)="b","W",if(LEFT(VLOOKUP($B43,'Round 3'!$F$2:$H$361,3,false),1)="a","L",""))) -> W | G43: =iferror(if(LEFT(VLOOKUP($B43,'Round 4'!$B$2:$H$361,7,false),1)="A","W",if(LEFT(VLOOKUP($B43,'Round 4'!$B$2:$H$361,7,false),1)="B","L","")),if(LEFT(VLOOKUP($B43,'Round 4'!$F$2:$H$361,3,false),1)="b","W",if(LEFT(VLOOKUP($B43,'Round 4'!$F$2:$H$361,3,false),1)="a","L",""))) -> W | H43: =iferror(if(LEFT(VLOOKUP($B43,'Round 5'!$B$2:$H$361,7,false),1)="A","W",if(LEFT(VLOOKUP($B43,'Round 5'!$B$2:$H$361,7,false),1)="B","L","")),if(LEFT(VLOOKUP($B43,'Round 5'!$F$2:$H$361,3,false),1)="b","W",if(LEFT(VLOOKUP($B43,'Round 5'!$F$2:$H$361,3,false),1)="a","L",""))) -> L | I43: =iferror(if(LEFT(VLOOKUP($B43,'Round 6'!$B$2:$H$361,7,false),1)="A","W",if(LEFT(VLOOKUP($B43,'Round 6'!$B$2:$H$361,7,false),1)="B","L","")),if(LEFT(VLOOKUP($B43,'Round 6'!$F$2:$H$361,3,false),1)="b","W",if(LEFT(VLOOKUP($B43,'Round 6'!$F$2:$H$361,3,false),1)="a","L",""))) -> W | J43: =iferror(iferror(if(LEFT(VLOOKUP($B43,'Round 7'!$B$2:$H$361,7,false),1)="A","W",if(LEFT(VLOOKUP($B43,'Round 7'!$B$2:$H$361,7,false),1)="B","L","")),if(LEFT(VLOOKUP($B43,'Round 7'!$F$2:$H$361,3,false),1)="b","W",if(LEFT(VLOOKUP($B43,'Round 7'!$F$2:$H$361,3,false),1)="a","L",""))),"") -> W | K43: =iferror(iferror(if(LEFT(VLOOKUP($B43,'Round 8'!$B$2:$H$361,7,false),1)="A","W",if(LEFT(VLOOKUP($B43,'Round 8'!$B$2:$H$361,7,false),1)="B","L","")),if(LEFT(VLOOKUP($B43,'Round 8'!$F$2:$H$361,3,false),1)="b","W",if(LEFT(VLOOKUP($B43,'Round 8'!$F$2:$H$361,3,false),1)="a","L",""))),"") -> L | L43: =iferror(iferror(if(LEFT(VLOOKUP($B43,'Round 9'!$B$2:$H$361,7,false),1)="A","W",if(LEFT(VLOOKUP($B43,'Round 9'!$B$2:$H$361,7,false),1)="B","L","")),if(LEFT(VLOOKUP($B43,'Round 9'!$F$2:$H$361,3,false),1)="b","W",if(LEFT(VLOOKUP($B43,'Round 9'!$F$2:$H$361,3,false),1)="a","L",""))),"") -> W | M43: =iferror(iferror(if(LEFT(VLOOKUP($B43,'Round 10'!$B$2:$H$362,7,false),1)="A","W",if(LEFT(VLOOKUP($B43,'Round 10'!$B$2:$H$362,7,false),1)="B","L","")),if(LEFT(VLOOKUP($B43,'Round 10'!$F$2:$H$362,3,false),1)="b","W",if(LEFT(VLOOKUP($B43,'Round 10'!$F$2:$H$362,3,false),1)="a","L",""))),"") | N43: 397627331637805056
A44: 43 | B44: Christos | C44: =CONCATENATE(COUNTIF(D44:M44,"W") , " - " , COUNTIF(D44:M44, "L")) -> 7 - 2 | D44: =iferror(if(LEFT(VLOOKUP($B44,'Round 1'!$B$2:$H$361,7,false),1)="A","W",if(LEFT(VLOOKUP($B44,'Round 1'!$B$2:$H$361,7,false),1)="B","L","")),if(LEFT(VLOOKUP($B44,'Round 1'!$F$2:$H$361,3,false),1)="b","W",if(LEFT(VLOOKUP($B44,'Round 1'!$F$2:$H$361,3,false),1)="a","L",""))) -> W | E44: =iferror(if(LEFT(VLOOKUP($B44,'Round 2'!$C$2:$J$361,8,false),1)="A","W",if(LEFT(VLOOKUP($B44,'Round 2'!$C$2:$J$361,8,false),1)="B","L","")),if(LEFT(VLOOKUP($B44,'Round 2'!$G$2:$J$361,4,false),1)="b","W",if(LEFT(VLOOKUP($B44,'Round 2'!$G$2:$J$361,4,false),1)="a","L",""))) -> L | F44: =iferror(if(LEFT(VLOOKUP($B44,'Round 3'!$B$2:$H$361,7,false),1)="A","W",if(LEFT(VLOOKUP($B44,'Round 3'!$B$2:$H$361,7,false),1)="B","L","")),if(LEFT(VLOOKUP($B44,'Round 3'!$F$2:$H$361,3,false),1)="b","W",if(LEFT(VLOOKUP($B44,'Round 3'!$F$2:$H$361,3,false),1)="a","L",""))) -> W | G44: =iferror(if(LEFT(VLOOKUP($B44,'Round 4'!$B$2:$H$361,7,false),1)="A","W",if(LEFT(VLOOKUP($B44,'Round 4'!$B$2:$H$361,7,false),1)="B","L","")),if(LEFT(VLOOKUP($B44,'Round 4'!$F$2:$H$361,3,false),1)="b","W",if(LEFT(VLOOKUP($B44,'Round 4'!$F$2:$H$361,3,false),1)="a","L",""))) -> W | H44: =iferror(if(LEFT(VLOOKUP($B44,'Round 5'!$B$2:$H$361,7,false),1)="A","W",if(LEFT(VLOOKUP($B44,'Round 5'!$B$2:$H$361,7,false),1)="B","L","")),if(LEFT(VLOOKUP($B44,'Round 5'!$F$2:$H$361,3,false),1)="b","W",if(LEFT(VLOOKUP($B44,'Round 5'!$F$2:$H$361,3,false),1)="a","L",""))) -> W | I44: =iferror(if(LEFT(VLOOKUP($B44,'Round 6'!$B$2:$H$361,7,false),1)="A","W",if(LEFT(VLOOKUP($B44,'Round 6'!$B$2:$H$361,7,false),1)="B","L","")),if(LEFT(VLOOKUP($B44,'Round 6'!$F$2:$H$361,3,false),1)="b","W",if(LEFT(VLOOKUP($B44,'Round 6'!$F$2:$H$361,3,false),1)="a","L",""))) -> W | J44: =iferror(iferror(if(LEFT(VLOOKUP($B44,'Round 7'!$B$2:$H$361,7,false),1)="A","W",if(LEFT(VLOOKUP($B44,'Round 7'!$B$2:$H$361,7,false),1)="B","L","")),if(LEFT(VLOOKUP($B44,'Round 7'!$F$2:$H$361,3,false),1)="b","W",if(LEFT(VLOOKUP($B44,'Round 7'!$F$2:$H$361,3,false),1)="a","L",""))),"") -> W | K44: =iferror(iferror(if(LEFT(VLOOKUP($B44,'Round 8'!$B$2:$H$361,7,false),1)="A","W",if(LEFT(VLOOKUP($B44,'Round 8'!$B$2:$H$361,7,false),1)="B","L","")),if(LEFT(VLOOKUP($B44,'Round 8'!$F$2:$H$361,3,false),1)="b","W",if(LEFT(VLOOKUP($B44,'Round 8'!$F$2:$H$361,3,false),1)="a","L",""))),"") -> L | L44: =iferror(iferror(if(LEFT(VLOOKUP($B44,'Round 9'!$B$2:$H$361,7,false),1)="A","W",if(LEFT(VLOOKUP($B44,'Round 9'!$B$2:$H$361,7,false),1)="B","L","")),if(LEFT(VLOOKUP($B44,'Round 9'!$F$2:$H$361,3,false),1)="b","W",if(LEFT(VLOOKUP($B44,'Round 9'!$F$2:$H$361,3,false),1)="a","L",""))),"") -> W | M44: =iferror(iferror(if(LEFT(VLOOKUP($B44,'Round 10'!$B$2:$H$362,7,false),1)="A","W",if(LEFT(VLOOKUP($B44,'Round 10'!$B$2:$H$362,7,false),1)="B","L","")),if(LEFT(VLOOKUP($B44,'Round 10'!$F$2:$H$362,3,false),1)="b","W",if(LEFT(VLOOKUP($B44,'Round 10'!$F$2:$H$362,3,false),1)="a","L",""))),"") | N44: 202869299113623563
A45: 44 | B45: Dridri457 | C45: =CONCATENATE(COUNTIF(D45:M45,"W") , " - " , COUNTIF(D45:M45, "L")) -> 4 - 3 | D45: =iferror(if(LEFT(VLOOKUP($B45,'Round 1'!$B$2:$H$361,7,false),1)="A","W",if(LEFT(VLOOKUP($B45,'Round 1'!$B$2:$H$361,7,false),1)="B","L","")),if(LEFT(VLOOKUP($B45,'Round 1'!$F$2:$H$361,3,false),1)="b","W",if(LEFT(VLOOKUP($B45,'Round 1'!$F$2:$H$361,3,false),1)="a","L",""))) -> W | E45: =iferror(if(LEFT(VLOOKUP($B45,'Round 2'!$C$2:$J$361,8,false),1)="A","W",if(LEFT(VLOOKUP($B45,'Round 2'!$C$2:$J$361,8,false),1)="B","L","")),if(LEFT(VLOOKUP($B45,'Round 2'!$G$2:$J$361,4,false),1)="b","W",if(LEFT(VLOOKUP($B45,'Round 2'!$G$2:$J$361,4,false),1)="a","L",""))) -> L | F45: =iferror(if(LEFT(VLOOKUP($B45,'Round 3'!$B$2:$H$361,7,false),1)="A","W",if(LEFT(VLOOKUP($B45,'Round 3'!$B$2:$H$361,7,false),1)="B","L","")),if(LEFT(VLOOKUP($B45,'Round 3'!$F$2:$H$361,3,false),1)="b","W",if(LEFT(VLOOKUP($B45,'Round 3'!$F$2:$H$361,3,false),1)="a","L",""))) -> W | G45: =iferror(if(LEFT(VLOOKUP($B45,'Round 4'!$B$2:$H$361,7,false),1)="A","W",if(LEFT(VLOOKUP($B45,'Round 4'!$B$2:$H$361,7,false),1)="B","L","")),if(LEFT(VLOOKUP($B45,'Round 4'!$F$2:$H$361,3,false),1)="b","W",if(LEFT(VLOOKUP($B45,'Round 4'!$F$2:$H$361,3,false),1)="a","L",""))) -> W | H45: =iferror(if(LEFT(VLOOKUP($B45,'Round 5'!$B$2:$H$361,7,false),1)="A","W",if(LEFT(VLOOKUP($B45,'Round 5'!$B$2:$H$361,7,false),1)="B","L","")),if(LEFT(VLOOKUP($B45,'Round 5'!$F$2:$H$361,3,false),1)="b","W",if(LEFT(VLOOKUP($B45,'Round 5'!$F$2:$H$361,3,false),1)="a","L",""))) -> L | I45: =iferror(if(LEFT(VLOOKUP($B45,'Round 6'!$B$2:$H$361,7,false),1)="A","W",if(LEFT(VLOOKUP($B45,'Round 6'!$B$2:$H$361,7,false),1)="B","L","")),if(LEFT(VLOOKUP($B45,'Round 6'!$F$2:$H$361,3,false),1)="b","W",if(LEFT(VLOOKUP($B45,'Round 6'!$F$2:$H$361,3,false),1)="a","L",""))) -> W | J45: =iferror(iferror(if(LEFT(VLOOKUP($B45,'Round 7'!$B$2:$H$361,7,false),1)="A","W",if(LEFT(VLOOKUP($B45,'Round 7'!$B$2:$H$361,7,false),1)="B","L","")),if(LEFT(VLOOKUP($B45,'Round 7'!$F$2:$H$361,3,false),1)="b","W",if(LEFT(VLOOKUP($B45,'Round 7'!$F$2:$H$361,3,false),1)="a","L",""))),"") -> L | K45: =iferror(iferror(if(LEFT(VLOOKUP($B45,'Round 8'!$B$2:$H$361,7,false),1)="A","W",if(LEFT(VLOOKUP($B45,'Round 8'!$B$2:$H$361,7,false),1)="B","L","")),if(LEFT(VLOOKUP($B45,'Round 8'!$F$2:$H$361,3,false),1)="b","W",if(LEFT(VLOOKUP($B45,'Round 8'!$F$2:$H$361,3,false),1)="a","L",""))),"") | L45: =iferror(iferror(if(LEFT(VLOOKUP($B45,'Round 9'!$B$2:$H$361,7,false),1)="A","W",if(LEFT(VLOOKUP($B45,'Round 9'!$B$2:$H$361,7,false),1)="B","L","")),if(LEFT(VLOOKUP($B45,'Round 9'!$F$2:$H$361,3,false),1)="b","W",if(LEFT(VLOOKUP($B45,'Round 9'!$F$2:$H$361,3,false),1)="a","L",""))),"") | M45: =iferror(iferror(if(LEFT(VLOOKUP($B45,'Round 10'!$B$2:$H$362,7,false),1)="A","W",if(LEFT(VLOOKUP($B45,'Round 10'!$B$2:$H$362,7,false),1)="B","L","")),if(LEFT(VLOOKUP($B45,'Round 10'!$F$2:$H$362,3,false),1)="b","W",if(LEFT(VLOOKUP($B45,'Round 10'!$F$2:$H$362,3,false),1)="a","L",""))),"") | N45: 1067112559704014909
A46: 45 | B46: DeezCastforms | C46: =CONCATENATE(COUNTIF(D46:M46,"W") , " - " , COUNTIF(D46:M46, "L")) -> 7 - 2 | D46: =iferror(if(LEFT(VLOOKUP($B46,'Round 1'!$B$2:$H$361,7,false),1)="A","W",if(LEFT(VLOOKUP($B46,'Round 1'!$B$2:$H$361,7,false),1)="B","L","")),if(LEFT(VLOOKUP($B46,'Round 1'!$F$2:$H$361,3,false),1)="b","W",if(LEFT(VLOOKUP($B46,'Round 1'!$F$2:$H$361,3,false),1)="a","L",""))) -> W | E46: =iferror(if(LEFT(VLOOKUP($B46,'Round 2'!$C$2:$J$361,8,false),1)="A","W",if(LEFT(VLOOKUP($B46,'Round 2'!$C$2:$J$361,8,false),1)="B","L","")),if(LEFT(VLOOKUP($B46,'Round 2'!$G$2:$J$361,4,false),1)="b","W",if(LEFT(VLOOKUP($B46,'Round 2'!$G$2:$J$361,4,false),1)="a","L",""))) -> W | F46: =iferror(if(LEFT(VLOOKUP($B46,'Round 3'!$B$2:$H$361,7,false),1)="A","W",if(LEFT(VLOOKUP($B46,'Round 3'!$B$2:$H$361,7,false),1)="B","L","")),if(LEFT(VLOOKUP($B46,'Round 3'!$F$2:$H$361,3,false),1)="b","W",if(LEFT(VLOOKUP($B46,'Round 3'!$F$2:$H$361,3,false),1)="a","L",""))) -> W | G46: =iferror(if(LEFT(VLOOKUP($B46,'Round 4'!$B$2:$H$361,7,false),1)="A","W",if(LEFT(VLOOKUP($B46,'Round 4'!$B$2:$H$361,7,false),1)="B","L","")),if(LEFT(VLOOKUP($B46,'Round 4'!$F$2:$H$361,3,false),1)="b","W",if(LEFT(VLOOKUP($B46,'Round 4'!$F$2:$H$361,3,false),1)="a","L",""))) -> W | H46: =iferror(if(LEFT(VLOOKUP($B46,'Round 5'!$B$2:$H$361,7,false),1)="A","W",if(LEFT(VLOOKUP($B46,'Round 5'!$B$2:$H$361,7,false),1)="B","L","")),if(LEFT(VLOOKUP($B46,'Round 5'!$F$2:$H$361,3,false),1)="b","W",if(LEFT(VLOOKUP($B46,'Round 5'!$F$2:$H$361,3,false),1)="a","L",""))) -> L | I46: =iferror(if(LEFT(VLOOKUP($B46,'Round 6'!$B$2:$H$361,7,false),1)="A","W",if(LEFT(VLOOKUP($B46,'Round 6'!$B$2:$H$361,7,false),1)="B","L","")),if(LEFT(VLOOKUP($B46,'Round 6'!$F$2:$H$361,3,false),1)="b","W",if(LEFT(VLOOKUP($B46,'Round 6'!$F$2:$H$361,3,false),1)="a","L",""))) -> W | J46: =iferror(iferror(if(LEFT(VLOOKUP($B46,'Round 7'!$B$2:$H$361,7,false),1)="A","W",if(LEFT(VLOOKUP($B46,'Round 7'!$B$2:$H$361,7,false),1)="B","L","")),if(LEFT(VLOOKUP($B46,'Round 7'!$F$2:$H$361,3,false),1)="b","W",if(LEFT(VLOOKUP($B46,'Round 7'!$F$2:$H$361,3,false),1)="a","L",""))),"") -> W | K46: =iferror(iferror(if(LEFT(VLOOKUP($B46,'Round 8'!$B$2:$H$361,7,false),1)="A","W",if(LEFT(VLOOKUP($B46,'Round 8'!$B$2:$H$361,7,false),1)="B","L","")),if(LEFT(VLOOKUP($B46,'Round 8'!$F$2:$H$361,3,false),1)="b","W",if(LEFT(VLOOKUP($B46,'Round 8'!$F$2:$H$361,3,false),1)="a","L",""))),"") -> W | L46: =iferror(iferror(if(LEFT(VLOOKUP($B46,'Round 9'!$B$2:$H$361,7,false),1)="A","W",if(LEFT(VLOOKUP($B46,'Round 9'!$B$2:$H$361,7,false),1)="B","L","")),if(LEFT(VLOOKUP($B46,'Round 9'!$F$2:$H$361,3,false),1)="b","W",if(LEFT(VLOOKUP($B46,'Round 9'!$F$2:$H$361,3,false),1)="a","L",""))),"") -> L | M46: =iferror(iferror(if(LEFT(VLOOKUP($B46,'Round 10'!$B$2:$H$362,7,false),1)="A","W",if(LEFT(VLOOKUP($B46,'Round 10'!$B$2:$H$362,7,false),1)="B","L","")),if(LEFT(VLOOKUP($B46,'Round 10'!$F$2:$H$362,3,false),1)="b","W",if(LEFT(VLOOKUP($B46,'Round 10'!$F$2:$H$362,3,false),1)="a","L",""))),"") | N46: 358052192915292161
A47: 46 | B47: Zelph | C47: =CONCATENATE(COUNTIF(D47:M47,"W") , " - " , COUNTIF(D47:M47, "L")) -> 7 - 2 | D47: =iferror(if(LEFT(VLOOKUP($B47,'Round 1'!$B$2:$H$361,7,false),1)="A","W",if(LEFT(VLOOKUP($B47,'Round 1'!$B$2:$H$361,7,false),1)="B","L","")),if(LEFT(VLOOKUP($B47,'Round 1'!$F$2:$H$361,3,false),1)="b","W",if(LEFT(VLOOKUP($B47,'Round 1'!$F$2:$H$361,3,false),1)="a","L",""))) -> W | E47: =iferror(if(LEFT(VLOOKUP($B47,'Round 2'!$C$2:$J$361,8,false),1)="A","W",if(LEFT(VLOOKUP($B47,'Round 2'!$C$2:$J$361,8,false),1)="B","L","")),if(LEFT(VLOOKUP($B47,'Round 2'!$G$2:$J$361,4,false),1)="b","W",if(LEFT(VLOOKUP($B47,'Round 2'!$G$2:$J$361,4,false),1)="a","L",""))) -> W | F47: =iferror(if(LEFT(VLOOKUP($B47,'Round 3'!$B$2:$H$361,7,false),1)="A","W",if(LEFT(VLOOKUP($B47,'Round 3'!$B$2:$H$361,7,false),1)="B","L","")),if(LEFT(VLOOKUP($B47,'Round 3'!$F$2:$H$361,3,false),1)="b","W",if(LEFT(VLOOKUP($B47,'Round 3'!$F$2:$H$361,3,false),1)="a","L",""))) -> W | G47: =iferror(if(LEFT(VLOOKUP($B47,'Round 4'!$B$2:$H$361,7,false),1)="A","W",if(LEFT(VLOOKUP($B47,'Round 4'!$B$2:$H$361,7,false),1)="B","L","")),if(LEFT(VLOOKUP($B47,'Round 4'!$F$2:$H$361,3,false),1)="b","W",if(LEFT(VLOOKUP($B47,'Round 4'!$F$2:$H$361,3,false),1)="a","L",""))) -> W | H47: =iferror(if(LEFT(VLOOKUP($B47,'Round 5'!$B$2:$H$361,7,false),1)="A","W",if(LEFT(VLOOKUP($B47,'Round 5'!$B$2:$H$361,7,false),1)="B","L","")),if(LEFT(VLOOKUP($B47,'Round 5'!$F$2:$H$361,3,false),1)="b","W",if(LEFT(VLOOKUP($B47,'Round 5'!$F$2:$H$361,3,false),1)="a","L",""))) -> W | I47: =iferror(if(LEFT(VLOOKUP($B47,'Round 6'!$B$2:$H$361,7,false),1)="A","W",if(LEFT(VLOOKUP($B47,'Round 6'!$B$2:$H$361,7,false),1)="B","L","")),if(LEFT(VLOOKUP($B47,'Round 6'!$F$2:$H$361,3,false),1)="b","W",if(LEFT(VLOOKUP($B47,'Round 6'!$F$2:$H$361,3,false),1)="a","L",""))) -> W | J47: =iferror(iferror(if(LEFT(VLOOKUP($B47,'Round 7'!$B$2:$H$361,7,false),1)="A","W",if(LEFT(VLOOKUP($B47,'Round 7'!$B$2:$H$361,7,false),1)="B","L","")),if(LEFT(VLOOKUP($B47,'Round 7'!$F$2:$H$361,3,false),1)="b","W",if(LEFT(VLOOKUP($B47,'Round 7'!$F$2:$H$361,3,false),1)="a","L",""))),"") -> L | K47: =iferror(iferror(if(LEFT(VLOOKUP($B47,'Round 8'!$B$2:$H$361,7,false),1)="A","W",if(LEFT(VLOOKUP($B47,'Round 8'!$B$2:$H$361,7,false),1)="B","L","")),if(LEFT(VLOOKUP($B47,'Round 8'!$F$2:$H$361,3,false),1)="b","W",if(LEFT(VLOOKUP($B47,'Round 8'!$F$2:$H$361,3,false),1)="a","L",""))),"") -> L | L47: =iferror(iferror(if(LEFT(VLOOKUP($B47,'Round 9'!$B$2:$H$361,7,false),1)="A","W",if(LEFT(VLOOKUP($B47,'Round 9'!$B$2:$H$361,7,false),1)="B","L","")),if(LEFT(VLOOKUP($B47,'Round 9'!$F$2:$H$361,3,false),1)="b","W",if(LEFT(VLOOKUP($B47,'Round 9'!$F$2:$H$361,3,false),1)="a","L",""))),"") -> W | M47: =iferror(iferror(if(LEFT(VLOOKUP($B47,'Round 10'!$B$2:$H$362,7,false),1)="A","W",if(LEFT(VLOOKUP($B47,'Round 10'!$B$2:$H$362,7,false),1)="B","L","")),if(LEFT(VLOOKUP($B47,'Round 10'!$F$2:$H$362,3,false),1)="b","W",if(LEFT(VLOOKUP($B47,'Round 10'!$F$2:$H$362,3,false),1)="a","L",""))),"") | N47: 895466276191862855
A48: 47 | B48: Figull400 | C48: =CONCATENATE(COUNTIF(D48:M48,"W") , " - " , COUNTIF(D48:M48, "L")) -> 7 - 2 | D48: =iferror(if(LEFT(VLOOKUP($B48,'Round 1'!$B$2:$H$361,7,false),1)="A","W",if(LEFT(VLOOKUP($B48,'Round 1'!$B$2:$H$361,7,false),1)="B","L","")),if(LEFT(VLOOKUP($B48,'Round 1'!$F$2:$H$361,3,false),1)="b","W",if(LEFT(VLOOKUP($B48,'Round 1'!$F$2:$H$361,3,false),1)="a","L",""))) -> W | E48: =iferror(if(LEFT(VLOOKUP($B48,'Round 2'!$C$2:$J$361,8,false),1)="A","W",if(LEFT(VLOOKUP($B48,'Round 2'!$C$2:$J$361,8,false),1)="B","L","")),if(LEFT(VLOOKUP($B48,'Round 2'!$G$2:$J$361,4,false),1)="b","W",if(LEFT(VLOOKUP($B48,'Round 2'!$G$2:$J$361,4,false),1)="a","L",""))) -> W | F48: =iferror(if(LEFT(VLOOKUP($B48,'Round 3'!$B$2:$H$361,7,false),1)="A","W",if(LEFT(VLOOKUP($B48,'Round 3'!$B$2:$H$361,7,false),1)="B","L","")),if(LEFT(VLOOKUP($B48,'Round 3'!$F$2:$H$361,3,false),1)="b","W",if(LEFT(VLOOKUP($B48,'Round 3'!$F$2:$H$361,3,false),1)="a","L",""))) -> L | G48: =iferror(if(LEFT(VLOOKUP($B48,'Round 4'!$B$2:$H$361,7,false),1)="A","W",if(LEFT(VLOOKUP($B48,'Round 4'!$B$2:$H$361,7,false),1)="B","L","")),if(LEFT(VLOOKUP($B48,'Round 4'!$F$2:$H$361,3,false),1)="b","W",if(LEFT(VLOOKUP($B48,'Round 4'!$F$2:$H$361,3,false),1)="a","L",""))) -> W | H48: =iferror(if(LEFT(VLOOKUP($B48,'Round 5'!$B$2:$H$361,7,false),1)="A","W",if(LEFT(VLOOKUP($B48,'Round 5'!$B$2:$H$361,7,false),1)="B","L","")),if(LEFT(VLOOKUP($B48,'Round 5'!$F$2:$H$361,3,false),1)="b","W",if(LEFT(VLOOKUP($B48,'Round 5'!$F$2:$H$361,3,false),1)="a","L",""))) -> W | I48: =iferror(if(LEFT(VLOOKUP($B48,'Round 6'!$B$2:$H$361,7,false),1)="A","W",if(LEFT(VLOOKUP($B48,'Round 6'!$B$2:$H$361,7,false),1)="B","L","")),if(LEFT(VLOOKUP($B48,'Round 6'!$F$2:$H$361,3,false),1)="b","W",if(LEFT(VLOOKUP($B48,'Round 6'!$F$2:$H$361,3,false),1)="a","L",""))) -> L | J48: =iferror(iferror(if(LEFT(VLOOKUP($B48,'Round 7'!$B$2:$H$361,7,false),1)="A","W",if(LEFT(VLOOKUP($B48,'Round 7'!$B$2:$H$361,7,false),1)="B","L","")),if(LEFT(VLOOKUP($B48,'Round 7'!$F$2:$H$361,3,false),1)="b","W",if(LEFT(VLOOKUP($B48,'Round 7'!$F$2:$H$361,3,false),1)="a","L",""))),"") -> W | K48: =iferror(iferror(if(LEFT(VLOOKUP($B48,'Round 8'!$B$2:$H$361,7,false),1)="A","W",if(LEFT(VLOOKUP($B48,'Round 8'!$B$2:$H$361,7,false),1)="B","L","")),if(LEFT(VLOOKUP($B48,'Round 8'!$F$2:$H$361,3,false),1)="b","W",if(LEFT(VLOOKUP($B48,'Round 8'!$F$2:$H$361,3,false),1)="a","L",""))),"") -> W | L48: =iferror(iferror(if(LEFT(VLOOKUP($B48,'Round 9'!$B$2:$H$361,7,false),1)="A","W",if(LEFT(VLOOKUP($B48,'Round 9'!$B$2:$H$361,7,false),1)="B","L","")),if(LEFT(VLOOKUP($B48,'Round 9'!$F$2:$H$361,3,false),1)="b","W",if(LEFT(VLOOKUP($B48,'Round 9'!$F$2:$H$361,3,false),1)="a","L",""))),"") -> W | M48: =iferror(iferror(if(LEFT(VLOOKUP($B48,'Round 10'!$B$2:$H$362,7,false),1)="A","W",if(LEFT(VLOOKUP($B48,'Round 10'!$B$2:$H$362,7,false),1)="B","L","")),if(LEFT(VLOOKUP($B48,'Round 10'!$F$2:$H$362,3,false),1)="b","W",if(LEFT(VLOOKUP($B48,'Round 10'!$F$2:$H$362,3,false),1)="a","L",""))),"") | N48: 758667386822983680
A49: 48 | B49: Don Tonionie | C49: =CONCATENATE(COUNTIF(D49:M49,"W") , " - " , COUNTIF(D49:M49, "L")) -> 7 - 2 | D49: =iferror(if(LEFT(VLOOKUP($B49,'Round 1'!$B$2:$H$361,7,false),1)="A","W",if(LEFT(VLOOKUP($B49,'Round 1'!$B$2:$H$361,7,false),1)="B","L","")),if(LEFT(VLOOKUP($B49,'Round 1'!$F$2:$H$361,3,false),1)="b","W",if(LEFT(VLOOKUP($B49,'Round 1'!$F$2:$H$361,3,false),1)="a","L",""))) -> W | E49: =iferror(if(LEFT(VLOOKUP($B49,'Round 2'!$C$2:$J$361,8,false),1)="A","W",if(LEFT(VLOOKUP($B49,'Round 2'!$C$2:$J$361,8,false),1)="B","L","")),if(LEFT(VLOOKUP($B49,'Round 2'!$G$2:$J$361,4,false),1)="b","W",if(LEFT(VLOOKUP($B49,'Round 2'!$G$2:$J$361,4,false),1)="a","L",""))) -> W | F49: =iferror(if(LEFT(VLOOKUP($B49,'Round 3'!$B$2:$H$361,7,false),1)="A","W",if(LEFT(VLOOKUP($B49,'Round 3'!$B$2:$H$361,7,false),1)="B","L","")),if(LEFT(VLOOKUP($B49,'Round 3'!$F$2:$H$361,3,false),1)="b","W",if(LEFT(VLOOKUP($B49,'Round 3'!$F$2:$H$361,3,false),1)="a","L",""))) -> L | G49: =iferror(if(LEFT(VLOOKUP($B49,'Round 4'!$B$2:$H$361,7,false),1)="A","W",if(LEFT(VLOOKUP($B49,'Round 4'!$B$2:$H$361,7,false),1)="B","L","")),if(LEFT(VLOOKUP($B49,'Round 4'!$F$2:$H$361,3,false),1)="b","W",if(LEFT(VLOOKUP($B49,'Round 4'!$F$2:$H$361,3,false),1)="a","L",""))) -> W | H49: =iferror(if(LEFT(VLOOKUP($B49,'Round 5'!$B$2:$H$361,7,false),1)="A","W",if(LEFT(VLOOKUP($B49,'Round 5'!$B$2:$H$361,7,false),1)="B","L","")),if(LEFT(VLOOKUP($B49,'Round 5'!$F$2:$H$361,3,false),1)="b","W",if(LEFT(VLOOKUP($B49,'Round 5'!$F$2:$H$361,3,false),1)="a","L",""))) -> W | I49: =iferror(if(LEFT(VLOOKUP($B49,'Round 6'!$B$2:$H$361,7,false),1)="A","W",if(LEFT(VLOOKUP($B49,'Round 6'!$B$2:$H$361,7,false),1)="B","L","")),if(LEFT(VLOOKUP($B49,'Round 6'!$F$2:$H$361,3,false),1)="b","W",if(LEFT(VLOOKUP($B49,'Round 6'!$F$2:$H$361,3,false),1)="a","L",""))) -> W | J49: =iferror(iferror(if(LEFT(VLOOKUP($B49,'Round 7'!$B$2:$H$361,7,false),1)="A","W",if(LEFT(VLOOKUP($B49,'Round 7'!$B$2:$H$361,7,false),1)="B","L","")),if(LEFT(VLOOKUP($B49,'Round 7'!$F$2:$H$361,3,false),1)="b","W",if(LEFT(VLOOKUP($B49,'Round 7'!$F$2:$H$361,3,false),1)="a","L",""))),"") -> L | K49: =iferror(iferror(if(LEFT(VLOOKUP($B49,'Round 8'!$B$2:$H$361,7,false),1)="A","W",if(LEFT(VLOOKUP($B49,'Round 8'!$B$2:$H$361,7,false),1)="B","L","")),if(LEFT(VLOOKUP($B49,'Round 8'!$F$2:$H$361,3,false),1)="b","W",if(LEFT(VLOOKUP($B49,'Round 8'!$F$2:$H$361,3,false),1)="a","L",""))),"") -> W | L49: =iferror(iferror(if(LEFT(VLOOKUP($B49,'Round 9'!$B$2:$H$361,7,false),1)="A","W",if(LEFT(VLOOKUP($B49,'Round 9'!$B$2:$H$361,7,false),1)="B","L","")),if(LEFT(VLOOKUP($B49,'Round 9'!$F$2:$H$361,3,false),1)="b","W",if(LEFT(VLOOKUP($B49,'Round 9'!$F$2:$H$361,3,false),1)="a","L",""))),"") -> W | M49: =iferror(iferror(if(LEFT(VLOOKUP($B49,'Round 10'!$B$2:$H$362,7,false),1)="A","W",if(LEFT(VLOOKUP($B49,'Round 10'!$B$2:$H$362,7,false),1)="B","L","")),if(LEFT(VLOOKUP($B49,'Round 10'!$F$2:$H$362,3,false),1)="b","W",if(LEFT(VLOOKUP($B49,'Round 10'!$F$2:$H$362,3,false),1)="a","L",""))),"") | N49: 281159058155634700
A50: 49 | B50: Bhol | C50: =CONCATENATE(COUNTIF(D50:M50,"W") , " - " , COUNTIF(D50:M50, "L")) -> 8 - 1 | D50: =iferror(if(LEFT(VLOOKUP($B50,'Round 1'!$B$2:$H$361,7,false),1)="A","W",if(LEFT(VLOOKUP($B50,'Round 1'!$B$2:$H$361,7,false),1)="B","L","")),if(LEFT(VLOOKUP($B50,'Round 1'!$F$2:$H$361,3,false),1)="b","W",if(LEFT(VLOOKUP($B50,'Round 1'!$F$2:$H$361,3,false),1)="a","L",""))) -> W | E50: =iferror(if(LEFT(VLOOKUP($B50,'Round 2'!$C$2:$J$361,8,false),1)="A","W",if(LEFT(VLOOKUP($B50,'Round 2'!$C$2:$J$361,8,false),1)="B","L","")),if(LEFT(VLOOKUP($B50,'Round 2'!$G$2:$J$361,4,false),1)="b","W",if(LEFT(VLOOKUP($B50,'Round 2'!$G$2:$J$361,4,false),1)="a","L",""))) -> W | F50: =iferror(if(LEFT(VLOOKUP($B50,'Round 3'!$B$2:$H$361,7,false),1)="A","W",if(LEFT(VLOOKUP($B50,'Round 3'!$B$2:$H$361,7,false),1)="B","L","")),if(LEFT(VLOOKUP($B50,'Round 3'!$F$2:$H$361,3,false),1)="b","W",if(LEFT(VLOOKUP($B50,'Round 3'!$F$2:$H$361,3,false),1)="a","L",""))) -> W | G50: =iferror(if(LEFT(VLOOKUP($B50,'Round 4'!$B$2:$H$361,7,false),1)="A","W",if(LEFT(VLOOKUP($B50,'Round 4'!$B$2:$H$361,7,false),1)="B","L","")),if(LEFT(VLOOKUP($B50,'Round 4'!$F$2:$H$361,3,false),1)="b","W",if(LEFT(VLOOKUP($B50,'Round 4'!$F$2:$H$361,3,false),1)="a","L",""))) -> L | H50: =iferror(if(LEFT(VLOOKUP($B50,'Round 5'!$B$2:$H$361,7,false),1)="A","W",if(LEFT(VLOOKUP($B50,'Round 5'!$B$2:$H$361,7,false),1)="B","L","")),if(LEFT(VLOOKUP($B50,'Round 5'!$F$2:$H$361,3,false),1)="b","W",if(LEFT(VLOOKUP($B50,'Round 5'!$F$2:$H$361,3,false),1)="a","L",""))) -> W | I50: =iferror(if(LEFT(VLOOKUP($B50,'Round 6'!$B$2:$H$361,7,false),1)="A","W",if(LEFT(VLOOKUP($B50,'Round 6'!$B$2:$H$361,7,false),1)="B","L","")),if(LEFT(VLOOKUP($B50,'Round 6'!$F$2:$H$361,3,false),1)="b","W",if(LEFT(VLOOKUP($B50,'Round 6'!$F$2:$H$361,3,false),1)="a","L",""))) -> W | J50: =iferror(iferror(if(LEFT(VLOOKUP($B50,'Round 7'!$B$2:$H$361,7,false),1)="A","W",if(LEFT(VLOOKUP($B50,'Round 7'!$B$2:$H$361,7,false),1)="B","L","")),if(LEFT(VLOOKUP($B50,'Round 7'!$F$2:$H$361,3,false),1)="b","W",if(LEFT(VLOOKUP($B50,'Round 7'!$F$2:$H$361,3,false),1)="a","L",""))),"") -> W | K50: =iferror(iferror(if(LEFT(VLOOKUP($B50,'Round 8'!$B$2:$H$361,7,false),1)="A","W",if(LEFT(VLOOKUP($B50,'Round 8'!$B$2:$H$361,7,false),1)="B","L","")),if(LEFT(VLOOKUP($B50,'Round 8'!$F$2:$H$361,3,false),1)="b","W",if(LEFT(VLOOKUP($B50,'Round 8'!$F$2:$H$361,3,false),1)="a","L",""))),"") -> W | L50: =iferror(iferror(if(LEFT(VLOOKUP($B50,'Round 9'!$B$2:$H$361,7,false),1)="A","W",if(LEFT(VLOOKUP($B50,'Round 9'!$B$2:$H$361,7,false),1)="B","L","")),if(LEFT(VLOOKUP($B50,'Round 9'!$F$2:$H$361,3,false),1)="b","W",if(LEFT(VLOOKUP($B50,'Round 9'!$F$2:$H$361,3,false),1)="a","L",""))),"") -> W | M50: =iferror(iferror(if(LEFT(VLOOKUP($B50,'Round 10'!$B$2:$H$362,7,false),1)="A","W",if(LEFT(VLOOKUP($B50,'Round 10'!$B$2:$H$362,7,false),1)="B","L","")),if(LEFT(VLOOKUP($B50,'Round 10'!$F$2:$H$362,3,false),1)="b","W",if(LEFT(VLOOKUP($B50,'Round 10'!$F$2:$H$362,3,false),1)="a","L",""))),"") | N50: 708350647879335966
A51: 50 | B51: xTina | C51: =CONCATENATE(COUNTIF(D51:M51,"W") , " - " , COUNTIF(D51:M51, "L")) -> 5 - 3 | D51: =iferror(if(LEFT(VLOOKUP($B51,'Round 1'!$B$2:$H$361,7,false),1)="A","W",if(LEFT(VLOOKUP($B51,'Round 1'!$B$2:$H$361,7,false),1)="B","L","")),if(LEFT(VLOOKUP($B51,'Round 1'!$F$2:$H$361,3,false),1)="b","W",if(LEFT(VLOOKUP($B51,'Round 1'!$F$2:$H$361,3,false),1)="a","L",""))) -> W | E51: =iferror(if(LEFT(VLOOKUP($B51,'Round 2'!$C$2:$J$361,8,false),1)="A","W",if(LEFT(VLOOKUP($B51,'Round 2'!$C$2:$J$361,8,false),1)="B","L","")),if(LEFT(VLOOKUP($B51,'Round 2'!$G$2:$J$361,4,false),1)="b","W",if(LEFT(VLOOKUP($B51,'Round 2'!$G$2:$J$361,4,false),1)="a","L",""))) -> L | F51: =iferror(if(LEFT(VLOOKUP($B51,'Round 3'!$B$2:$H$361,7,false),1)="A","W",if(LEFT(VLOOKUP($B51,'Round 3'!$B$2:$H$361,7,false),1)="B","L","")),if(LEFT(VLOOKUP($B51,'Round 3'!$F$2:$H$361,3,false),1)="b","W",if(LEFT(VLOOKUP($B51,'Round 3'!$F$2:$H$361,3,false),1)="a","L",""))) -> W | G51: =iferror(if(LEFT(VLOOKUP($B51,'Round 4'!$B$2:$H$361,7,false),1)="A","W",if(LEFT(VLOOKUP($B51,'Round 4'!$B$2:$H$361,7,false),1)="B","L","")),if(LEFT(VLOOKUP($B51,'Round 4'!$F$2:$H$361,3,false),1)="b","W",if(LEFT(VLOOKUP($B51,'Round 4'!$F$2:$H$361,3,false),1)="a","L",""))) -> W | H51: =iferror(if(LEFT(VLOOKUP($B51,'Round 5'!$B$2:$H$361,7,false),1)="A","W",if(LEFT(VLOOKUP($B51,'Round 5'!$B$2:$H$361,7,false),1)="B","L","")),if(LEFT(VLOOKUP($B51,'Round 5'!$F$2:$H$361,3,false),1)="b","W",if(LEFT(VLOOKUP($B51,'Round 5'!$F$2:$H$361,3,false),1)="a","L",""))) -> W | I51: =iferror(if(LEFT(VLOOKUP($B51,'Round 6'!$B$2:$H$361,7,false),1)="A","W",if(LEFT(VLOOKUP($B51,'Round 6'!$B$2:$H$361,7,false),1)="B","L","")),if(LEFT(VLOOKUP($B51,'Round 6'!$F$2:$H$361,3,false),1)="b","W",if(LEFT(VLOOKUP($B51,'Round 6'!$F$2:$H$361,3,false),1)="a","L",""))) -> W | J51: =iferror(iferror(if(LEFT(VLOOKUP($B51,'Round 7'!$B$2:$H$361,7,false),1)="A","W",if(LEFT(VLOOKUP($B51,'Round 7'!$B$2:$H$361,7,false),1)="B","L","")),if(LEFT(VLOOKUP($B51,'Round 7'!$F$2:$H$361,3,false),1)="b","W",if(LEFT(VLOOKUP($B51,'Round 7'!$F$2:$H$361,3,false),1)="a","L",""))),"") -> L | K51: =iferror(iferror(if(LEFT(VLOOKUP($B51,'Round 8'!$B$2:$H$361,7,false),1)="A","W",if(LEFT(VLOOKUP($B51,'Round 8'!$B$2:$H$361,7,false),1)="B","L","")),if(LEFT(VLOOKUP($B51,'Round 8'!$F$2:$H$361,3,false),1)="b","W",if(LEFT(VLOOKUP($B51,'Round 8'!$F$2:$H$361,3,false),1)="a","L",""))),"") -> L | L51: =iferror(iferror(if(LEFT(VLOOKUP($B51,'Round 9'!$B$2:$H$361,7,false),1)="A","W",if(LEFT(VLOOKUP($B51,'Round 9'!$B$2:$H$361,7,false),1)="B","L","")),if(LEFT(VLOOKUP($B51,'Round 9'!$F$2:$H$361,3,false),1)="b","W",if(LEFT(VLOOKUP($B51,'Round 9'!$F$2:$H$361,3,false),1)="a","L",""))),"") | M51: =iferror(iferror(if(LEFT(VLOOKUP($B51,'Round 10'!$B$2:$H$362,7,false),1)="A","W",if(LEFT(VLOOKUP($B51,'Round 10'!$B$2:$H$362,7,false),1)="B","L","")),if(LEFT(VLOOKUP($B51,'Round 10'!$F$2:$H$362,3,false),1)="b","W",if(LEFT(VLOOKUP($B51,'Round 10'!$F$2:$H$362,3,false),1)="a","L",""))),"") | N51: 157273003971969025
A52: 51 | B52: Texas Cloverleaf | C52: =CONCATENATE(COUNTIF(D52:M52,"W") , " - " , COUNTIF(D52:M52, "L")) -> 1 - 3 | D52: =iferror(if(LEFT(VLOOKUP($B52,'Round 1'!$B$2:$H$361,7,false),1)="A","W",if(LEFT(VLOOKUP($B52,'Round 1'!$B$2:$H$361,7,false),1)="B","L","")),if(LEFT(VLOOKUP($B52,'Round 1'!$F$2:$H$361,3,false),1)="b","W",if(LEFT(VLOOKUP($B52,'Round 1'!$F$2:$H$361,3,false),1)="a","L",""))) -> W | E52: =iferror(if(LEFT(VLOOKUP($B52,'Round 2'!$C$2:$J$361,8,false),1)="A","W",if(LEFT(VLOOKUP($B52,'Round 2'!$C$2:$J$361,8,false),1)="B","L","")),if(LEFT(VLOOKUP($B52,'Round 2'!$G$2:$J$361,4,false),1)="b","W",if(LEFT(VLOOKUP($B52,'Round 2'!$G$2:$J$361,4,false),1)="a","L",""))) -> L | F52: =iferror(if(LEFT(VLOOKUP($B52,'Round 3'!$B$2:$H$361,7,false),1)="A","W",if(LEFT(VLOOKUP($B52,'Round 3'!$B$2:$H$361,7,false),1)="B","L","")),if(LEFT(VLOOKUP($B52,'Round 3'!$F$2:$H$361,3,false),1)="b","W",if(LEFT(VLOOKUP($B52,'Round 3'!$F$2:$H$361,3,false),1)="a","L",""))) -> L | G52: =iferror(if(LEFT(VLOOKUP($B52,'Round 4'!$B$2:$H$361,7,false),1)="A","W",if(LEFT(VLOOKUP($B52,'Round 4'!$B$2:$H$361,7,false),1)="B","L","")),if(LEFT(VLOOKUP($B52,'Round 4'!$F$2:$H$361,3,false),1)="b","W",if(LEFT(VLOOKUP($B52,'Round 4'!$F$2:$H$361,3,false),1)="a","L",""))) -> L | J52: =iferror(iferror(if(LEFT(VLOOKUP($B52,'Round 7'!$B$2:$H$361,7,false),1)="A","W",if(LEFT(VLOOKUP($B52,'Round 7'!$B$2:$H$361,7,false),1)="B","L","")),if(LEFT(VLOOKUP($B52,'Round 7'!$F$2:$H$361,3,false),1)="b","W",if(LEFT(VLOOKUP($B52,'Round 7'!$F$2:$H$361,3,false),1)="a","L",""))),"") | K52: =iferror(iferror(if(LEFT(VLOOKUP($B52,'Round 8'!$B$2:$H$361,7,false),1)="A","W",if(LEFT(VLOOKUP($B52,'Round 8'!$B$2:$H$361,7,false),1)="B","L","")),if(LEFT(VLOOKUP($B52,'Round 8'!$F$2:$H$361,3,false),1)="b","W",if(LEFT(VLOOKUP($B52,'Round 8'!$F$2:$H$361,3,false),1)="a","L",""))),"") | L52: =iferror(iferror(if(LEFT(VLOOKUP($B52,'Round 9'!$B$2:$H$361,7,false),1)="A","W",if(LEFT(VLOOKUP($B52,'Round 9'!$B$2:$H$361,7,false),1)="B","L","")),if(LEFT(VLOOKUP($B52,'Round 9'!$F$2:$H$361,3,false),1)="b","W",if(LEFT(VLOOKUP($B52,'Round 9'!$F$2:$H$361,3,false),1)="a","L",""))),"") | M52: =iferror(iferror(if(LEFT(VLOOKUP($B52,'Round 10'!$B$2:$H$362,7,false),1)="A","W",if(LEFT(VLOOKUP($B52,'Round 10'!$B$2:$H$362,7,false),1)="B","L","")),if(LEFT(VLOOKUP($B52,'Round 10'!$F$2:$H$362,3,false),1)="b","W",if(LEFT(VLOOKUP($B52,'Round 10'!$F$2:$H$362,3,false),1)="a","L",""))),"") | N52: 166991049653223424
A53: 52 | B53: OOZ | C53: =CONCATENATE(COUNTIF(D53:M53,"W") , " - " , COUNTIF(D53:M53, "L")) -> 3 - 3 | D53: =iferror(if(LEFT(VLOOKUP($B53,'Round 1'!$B$2:$H$361,7,false),1)="A","W",if(LEFT(VLOOKUP($B53,'Round 1'!$B$2:$H$361,7,false),1)="B","L","")),if(LEFT(VLOOKUP($B53,'Round 1'!$F$2:$H$361,3,false),1)="b","W",if(LEFT(VLOOKUP($B53,'Round 1'!$F$2:$H$361,3,false),1)="a","L",""))) -> W | E53: =iferror(if(LEFT(VLOOKUP($B53,'Round 2'!$C$2:$J$361,8,false),1)="A","W",if(LEFT(VLOOKUP($B53,'Round 2'!$C$2:$J$361,8,false),1)="B","L","")),if(LEFT(VLOOKUP($B53,'Round 2'!$G$2:$J$361,4,false),1)="b","W",if(LEFT(VLOOKUP($B53,'Round 2'!$G$2:$J$361,4,false),1)="a","L",""))) -> L | F53: =iferror(if(LEFT(VLOOKUP($B53,'Round 3'!$B$2:$H$361,7,false),1)="A","W",if(LEFT(VLOOKUP($B53,'Round 3'!$B$2:$H$361,7,false),1)="B","L","")),if(LEFT(VLOOKUP($B53,'Round 3'!$F$2:$H$361,3,false),1)="b","W",if(LEFT(VLOOKUP($B53,'Round 3'!$F$2:$H$361,3,false),1)="a","L",""))) -> W | G53: =iferror(if(LEFT(VLOOKUP($B53,'Round 4'!$B$2:$H$361,7,false),1)="A","W",if(LEFT(VLOOKUP($B53,'Round 4'!$B$2:$H$361,7,false),1)="B","L","")),if(LEFT(VLOOKUP($B53,'Round 4'!$F$2:$H$361,3,false),1)="b","W",if(LEFT(VLOOKUP($B53,'Round 4'!$F$2:$H$361,3,false),1)="a","L",""))) -> L | H53: =iferror(if(LEFT(VLOOKUP($B53,'Round 5'!$B$2:$H$361,7,false),1)="A","W",if(LEFT(VLOOKUP($B53,'Round 5'!$B$2:$H$361,7,false),1)="B","L","")),if(LEFT(VLOOKUP($B53,'Round 5'!$F$2:$H$361,3,false),1)="b","W",if(LEFT(VLOOKUP($B53,'Round 5'!$F$2:$H$361,3,false),1)="a","L",""))) -> W | I53: =iferror(if(LEFT(VLOOKUP($B53,'Round 6'!$B$2:$H$361,7,false),1)="A","W",if(LEFT(VLOOKUP($B53,'Round 6'!$B$2:$H$361,7,false),1)="B","L","")),if(LEFT(VLOOKUP($B53,'Round 6'!$F$2:$H$361,3,false),1)="b","W",if(LEFT(VLOOKUP($B53,'Round 6'!$F$2:$H$361,3,false),1)="a","L",""))) -> L | J53: =iferror(iferror(if(LEFT(VLOOKUP($B53,'Round 7'!$B$2:$H$361,7,false),1)="A","W",if(LEFT(VLOOKUP($B53,'Round 7'!$B$2:$H$361,7,false),1)="B","L","")),if(LEFT(VLOOKUP($B53,'Round 7'!$F$2:$H$361,3,false),1)="b","W",if(LEFT(VLOOKUP($B53,'Round 7'!$F$2:$H$361,3,false),1)="a","L",""))),"") | K53: =iferror(iferror(if(LEFT(VLOOKUP($B53,'Round 8'!$B$2:$H$361,7,false),1)="A","W",if(LEFT(VLOOKUP($B53,'Round 8'!$B$2:$H$361,7,false),1)="B","L","")),if(LEFT(VLOOKUP($B53,'Round 8'!$F$2:$H$361,3,false),1)="b","W",if(LEFT(VLOOKUP($B53,'Round 8'!$F$2:$H$361,3,false),1)="a","L",""))),"") | L53: =iferror(iferror(if(LEFT(VLOOKUP($B53,'Round 9'!$B$2:$H$361,7,false),1)="A","W",if(LEFT(VLOOKUP($B53,'Round 9'!$B$2:$H$361,7,false),1)="B","L","")),if(LEFT(VLOOKUP($B53,'Round 9'!$F$2:$H$361,3,false),1)="b","W",if(LEFT(VLOOKUP($B53,'Round 9'!$F$2:$H$361,3,false),1)="a","L",""))),"") | M53: =iferror(iferror(if(LEFT(VLOOKUP($B53,'Round 10'!$B$2:$H$362,7,false),1)="A","W",if(LEFT(VLOOKUP($B53,'Round 10'!$B$2:$H$362,7,false),1)="B","L","")),if(LEFT(VLOOKUP($B53,'Round 10'!$F$2:$H$362,3,false),1)="b","W",if(LEFT(VLOOKUP($B53,'Round 10'!$F$2:$H$362,3,false),1)="a","L",""))),"") | N53: 163395445421244418
A54: 53 | B54: Evakiyama | C54: =CONCATENATE(COUNTIF(D54:M54,"W") , " - " , COUNTIF(D54:M54, "L")) -> 4 - 3 | D54: =iferror(if(LEFT(VLOOKUP($B54,'Round 1'!$B$2:$H$361,7,false),1)="A","W",if(LEFT(VLOOKUP($B54,'Round 1'!$B$2:$H$361,7,false),1)="B","L","")),if(LEFT(VLOOKUP($B54,'Round 1'!$F$2:$H$361,3,false),1)="b","W",if(LEFT(VLOOKUP($B54,'Round 1'!$F$2:$H$361,3,false),1)="a","L",""))) -> W | E54: =iferror(if(LEFT(VLOOKUP($B54,'Round 2'!$C$2:$J$361,8,false),1)="A","W",if(LEFT(VLOOKUP($B54,'Round 2'!$C$2:$J$361,8,false),1)="B","L","")),if(LEFT(VLOOKUP($B54,'Round 2'!$G$2:$J$361,4,false),1)="b","W",if(LEFT(VLOOKUP($B54,'Round 2'!$G$2:$J$361,4,false),1)="a","L",""))) -> W | F54: =iferror(if(LEFT(VLOOKUP($B54,'Round 3'!$B$2:$H$361,7,false),1)="A","W",if(LEFT(VLOOKUP($B54,'Round 3'!$B$2:$H$361,7,false),1)="B","L","")),if(LEFT(VLOOKUP($B54,'Round 3'!$F$2:$H$361,3,false),1)="b","W",if(LEFT(VLOOKUP($B54,'Round 3'!$F$2:$H$361,3,false),1)="a","L",""))) -> W | G54: =iferror(if(LEFT(VLOOKUP($B54,'Round 4'!$B$2:$H$361,7,false),1)="A","W",if(LEFT(VLOOKUP($B54,'Round 4'!$B$2:$H$361,7,false),1)="B","L","")),if(LEFT(VLOOKUP($B54,'Round 4'!$F$2:$H$361,3,false),1)="b","W",if(LEFT(VLOOKUP($B54,'Round 4'!$F$2:$H$361,3,false),1)="a","L",""))) -> L | H54: =iferror(if(LEFT(VLOOKUP($B54,'Round 5'!$B$2:$H$361,7,false),1)="A","W",if(LEFT(VLOOKUP($B54,'Round 5'!$B$2:$H$361,7,false),1)="B","L","")),if(LEFT(VLOOKUP($B54,'Round 5'!$F$2:$H$361,3,false),1)="b","W",if(LEFT(VLOOKUP($B54,'Round 5'!$F$2:$H$361,3,false),1)="a","L",""))) -> L | I54: =iferror(if(LEFT(VLOOKUP($B54,'Round 6'!$B$2:$H$361,7,false),1)="A","W",if(LEFT(VLOOKUP($B54,'Round 6'!$B$2:$H$361,7,false),1)="B","L","")),if(LEFT(VLOOKUP($B54,'Round 6'!$F$2:$H$361,3,false),1)="b","W",if(LEFT(VLOOKUP($B54,'Round 6'!$F$2:$H$361,3,false),1)="a","L",""))) -> W | J54: =iferror(iferror(if(LEFT(VLOOKUP($B54,'Round 7'!$B$2:$H$361,7,false),1)="A","W",if(LEFT(VLOOKUP($B54,'Round 7'!$B$2:$H$361,7,false),1)="B","L","")),if(LEFT(VLOOKUP($B54,'Round 7'!$F$2:$H$361,3,false),1)="b","W",if(LEFT(VLOOKUP($B54,'Round 7'!$F$2:$H$361,3,false),1)="a","L",""))),"") -> L | K54: =iferror(iferror(if(LEFT(VLOOKUP($B54,'Round 8'!$B$2:$H$361,7,false),1)="A","W",if(LEFT(VLOOKUP($B54,'Round 8'!$B$2:$H$361,7,false),1)="B","L","")),if(LEFT(VLOOKUP($B54,'Round 8'!$F$2:$H$361,3,false),1)="b","W",if(LEFT(VLOOKUP($B54,'Round 8'!$F$2:$H$361,3,false),1)="a","L",""))),"") | L54: =iferror(iferror(if(LEFT(VLOOKUP($B54,'Round 9'!$B$2:$H$361,7,false),1)="A","W",if(LEFT(VLOOKUP($B54,'Round 9'!$B$2:$H$361,7,false),1)="B","L","")),if(LEFT(VLOOKUP($B54,'Round 9'!$F$2:$H$361,3,false),1)="b","W",if(LEFT(VLOOKUP($B54,'Round 9'!$F$2:$H$361,3,false),1)="a","L",""))),"") | M54: =iferror(iferror(if(LEFT(VLOOKUP($B54,'Round 10'!$B$2:$H$362,7,false),1)="A","W",if(LEFT(VLOOKUP($B54,'Round 10'!$B$2:$H$362,7,false),1)="B","L","")),if(LEFT(VLOOKUP($B54,'Round 10'!$F$2:$H$362,3,false),1)="b","W",if(LEFT(VLOOKUP($B54,'Round 10'!$F$2:$H$362,3,false),1)="a","L",""))),"") | N54: 379787698799640576
A55: 54 | B55: Futtoka | C55: =CONCATENATE(COUNTIF(D55:M55,"W") , " - " , COUNTIF(D55:M55, "L")) -> 1 - 3 | D55: =iferror(if(LEFT(VLOOKUP($B55,'Round 1'!$B$2:$H$361,7,false),1)="A","W",if(LEFT(VLOOKUP($B55,'Round 1'!$B$2:$H$361,7,false),1)="B","L","")),if(LEFT(VLOOKUP($B55,'Round 1'!$F$2:$H$361,3,false),1)="b","W",if(LEFT(VLOOKUP($B55,'Round 1'!$F$2:$H$361,3,false),1)="a","L",""))) -> W | E55: =iferror(if(LEFT(VLOOKUP($B55,'Round 2'!$C$2:$J$361,8,false),1)="A","W",if(LEFT(VLOOKUP($B55,'Round 2'!$C$2:$J$361,8,false),1)="B","L","")),if(LEFT(VLOOKUP($B55,'Round 2'!$G$2:$J$361,4,false),1)="b","W",if(LEFT(VLOOKUP($B55,'Round 2'!$G$2:$J$361,4,false),1)="a","L",""))) -> L | F55: =iferror(if(LEFT(VLOOKUP($B55,'Round 3'!$B$2:$H$361,7,false),1)="A","W",if(LEFT(VLOOKUP($B55,'Round 3'!$B$2:$H$361,7,false),1)="B","L","")),if(LEFT(VLOOKUP($B55,'Round 3'!$F$2:$H$361,3,false),1)="b","W",if(LEFT(VLOOKUP($B55,'Round 3'!$F$2:$H$361,3,false),1)="a","L",""))) -> L | G55: =iferror(if(LEFT(VLOOKUP($B55,'Round 4'!$B$2:$H$361,7,false),1)="A","W",if(LEFT(VLOOKUP($B55,'Round 4'!$B$2:$H$361,7,false),1)="B","L","")),if(LEFT(VLOOKUP($B55,'Round 4'!$F$2:$H$361,3,false),1)="b","W",if(LEFT(VLOOKUP($B55,'Round 4'!$F$2:$H$361,3,false),1)="a","L",""))) -> L | J55: =iferror(iferror(if(LEFT(VLOOKUP($B55,'Round 7'!$B$2:$H$361,7,false),1)="A","W",if(LEFT(VLOOKUP($B55,'Round 7'!$B$2:$H$361,7,false),1)="B","L","")),if(LEFT(VLOOKUP($B55,'Round 7'!$F$2:$H$361,3,false),1)="b","W",if(LEFT(VLOOKUP($B55,'Round 7'!$F$2:$H$361,3,false),1)="a","L",""))),"") | K55: =iferror(iferror(if(LEFT(VLOOKUP($B55,'Round 8'!$B$2:$H$361,7,false),1)="A","W",if(LEFT(VLOOKUP($B55,'Round 8'!$B$2:$H$361,7,false),1)="B","L","")),if(LEFT(VLOOKUP($B55,'Round 8'!$F$2:$H$361,3,false),1)="b","W",if(LEFT(VLOOKUP($B55,'Round 8'!$F$2:$H$361,3,false),1)="a","L",""))),"") | L55: =iferror(iferror(if(LEFT(VLOOKUP($B55,'Round 9'!$B$2:$H$361,7,false),1)="A","W",if(LEFT(VLOOKUP($B55,'Round 9'!$B$2:$H$361,7,false),1)="B","L","")),if(LEFT(VLOOKUP($B55,'Round 9'!$F$2:$H$361,3,false),1)="b","W",if(LEFT(VLOOKUP($B55,'Round 9'!$F$2:$H$361,3,false),1)="a","L",""))),"") | M55: =iferror(iferror(if(LEFT(VLOOKUP($B55,'Round 10'!$B$2:$H$362,7,false),1)="A","W",if(LEFT(VLOOKUP($B55,'Round 10'!$B$2:$H$362,7,false),1)="B","L","")),if(LEFT(VLOOKUP($B55,'Round 10'!$F$2:$H$362,3,false),1)="b","W",if(LEFT(VLOOKUP($B55,'Round 10'!$F$2:$H$362,3,false),1)="a","L",""))),"") | N55: 1161228067637833728
A56: 55 | B56: Kai (aplgd) | C56: =CONCATENATE(COUNTIF(D56:M56,"W") , " - " , COUNTIF(D56:M56, "L")) -> 7 - 2 | D56: =iferror(if(LEFT(VLOOKUP($B56,'Round 1'!$B$2:$H$361,7,false),1)="A","W",if(LEFT(VLOOKUP($B56,'Round 1'!$B$2:$H$361,7,false),1)="B","L","")),if(LEFT(VLOOKUP($B56,'Round 1'!$F$2:$H$361,3,false),1)="b","W",if(LEFT(VLOOKUP($B56,'Round 1'!$F$2:$H$361,3,false),1)="a","L",""))) -> W | E56: =iferror(if(LEFT(VLOOKUP($B56,'Round 2'!$C$2:$J$361,8,false),1)="A","W",if(LEFT(VLOOKUP($B56,'Round 2'!$C$2:$J$361,8,false),1)="B","L","")),if(LEFT(VLOOKUP($B56,'Round 2'!$G$2:$J$361,4,false),1)="b","W",if(LEFT(VLOOKUP($B56,'Round 2'!$G$2:$J$361,4,false),1)="a","L",""))) -> W | F56: =iferror(if(LEFT(VLOOKUP($B56,'Round 3'!$B$2:$H$361,7,false),1)="A","W",if(LEFT(VLOOKUP($B56,'Round 3'!$B$2:$H$361,7,false),1)="B","L","")),if(LEFT(VLOOKUP($B56,'Round 3'!$F$2:$H$361,3,false),1)="b","W",if(LEFT(VLOOKUP($B56,'Round 3'!$F$2:$H$361,3,false),1)="a","L",""))) -> W | G56: =iferror(if(LEFT(VLOOKUP($B56,'Round 4'!$B$2:$H$361,7,false),1)="A","W",if(LEFT(VLOOKUP($B56,'Round 4'!$B$2:$H$361,7,false),1)="B","L","")),if(LEFT(VLOOKUP($B56,'Round 4'!$F$2:$H$361,3,false),1)="b","W",if(LEFT(VLOOKUP($B56,'Round 4'!$F$2:$H$361,3,false),1)="a","L",""))) -> W | H56: =iferror(if(LEFT(VLOOKUP($B56,'Round 5'!$B$2:$H$361,7,false),1)="A","W",if(LEFT(VLOOKUP($B56,'Round 5'!$B$2:$H$361,7,false),1)="B","L","")),if(LEFT(VLOOKUP($B56,'Round 5'!$F$2:$H$361,3,false),1)="b","W",if(LEFT(VLOOKUP($B56,'Round 5'!$F$2:$H$361,3,false),1)="a","L",""))) -> L | I56: =iferror(if(LEFT(VLOOKUP($B56,'Round 6'!$B$2:$H$361,7,false),1)="A","W",if(LEFT(VLOOKUP($B56,'Round 6'!$B$2:$H$361,7,false),1)="B","L","")),if(LEFT(VLOOKUP($B56,'Round 6'!$F$2:$H$361,3,false),1)="b","W",if(LEFT(VLOOKUP($B56,'Round 6'!$F$2:$H$361,3,false),1)="a","L",""))) -> W | J56: =iferror(iferror(if(LEFT(VLOOKUP($B56,'Round 7'!$B$2:$H$361,7,false),1)="A","W",if(LEFT(VLOOKUP($B56,'Round 7'!$B$2:$H$361,7,false),1)="B","L","")),if(LEFT(VLOOKUP($B56,'Round 7'!$F$2:$H$361,3,false),1)="b","W",if(LEFT(VLOOKUP($B56,'Round 7'!$F$2:$H$361,3,false),1)="a","L",""))),"") -> L | K56: =iferror(iferror(if(LEFT(VLOOKUP($B56,'Round 8'!$B$2:$H$361,7,false),1)="A","W",if(LEFT(VLOOKUP($B56,'Round 8'!$B$2:$H$361,7,false),1)="B","L","")),if(LEFT(VLOOKUP($B56,'Round 8'!$F$2:$H$361,3,false),1)="b","W",if(LEFT(VLOOKUP($B56,'Round 8'!$F$2:$H$361,3,false),1)="a","L",""))),"") -> W | L56: =iferror(iferror(if(LEFT(VLOOKUP($B56,'Round 9'!$B$2:$H$361,7,false),1)="A","W",if(LEFT(VLOOKUP($B56,'Round 9'!$B$2:$H$361,7,false),1)="B","L","")),if(LEFT(VLOOKUP($B56,'Round 9'!$F$2:$H$361,3,false),1)="b","W",if(LEFT(VLOOKUP($B56,'Round 9'!$F$2:$H$361,3,false),1)="a","L",""))),"") -> W | M56: =iferror(iferror(if(LEFT(VLOOKUP($B56,'Round 10'!$B$2:$H$362,7,false),1)="A","W",if(LEFT(VLOOKUP($B56,'Round 10'!$B$2:$H$362,7,false),1)="B","L","")),if(LEFT(VLOOKUP($B56,'Round 10'!$F$2:$H$362,3,false),1)="b","W",if(LEFT(VLOOKUP($B56,'Round 10'!$F$2:$H$362,3,false),1)="a","L",""))),"") | N56: 782951193495207938
A57: 56 | B57: Vayun | C57: =CONCATENATE(COUNTIF(D57:M57,"W") , " - " , COUNTIF(D57:M57, "L")) -> 7 - 2 | D57: =iferror(if(LEFT(VLOOKUP($B57,'Round 1'!$B$2:$H$361,7,false),1)="A","W",if(LEFT(VLOOKUP($B57,'Round 1'!$B$2:$H$361,7,false),1)="B","L","")),if(LEFT(VLOOKUP($B57,'Round 1'!$F$2:$H$361,3,false),1)="b","W",if(LEFT(VLOOKUP($B57,'Round 1'!$F$2:$H$361,3,false),1)="a","L",""))) -> W | E57: =iferror(if(LEFT(VLOOKUP($B57,'Round 2'!$C$2:$J$361,8,false),1)="A","W",if(LEFT(VLOOKUP($B57,'Round 2'!$C$2:$J$361,8,false),1)="B","L","")),if(LEFT(VLOOKUP($B57,'Round 2'!$G$2:$J$361,4,false),1)="b","W",if(LEFT(VLOOKUP($B57,'Round 2'!$G$2:$J$361,4,false),1)="a","L",""))) -> W | F57: =iferror(if(LEFT(VLOOKUP($B57,'Round 3'!$B$2:$H$361,7,false),1)="A","W",if(LEFT(VLOOKUP($B57,'Round 3'!$B$2:$H$361,7,false),1)="B","L","")),if(LEFT(VLOOKUP($B57,'Round 3'!$F$2:$H$361,3,false),1)="b","W",if(LEFT(VLOOKUP($B57,'Round 3'!$F$2:$H$361,3,false),1)="a","L",""))) -> W | G57: =iferror(if(LEFT(VLOOKUP($B57,'Round 4'!$B$2:$H$361,7,false),1)="A","W",if(LEFT(VLOOKUP($B57,'Round 4'!$B$2:$H$361,7,false),1)="B","L","")),if(LEFT(VLOOKUP($B57,'Round 4'!$F$2:$H$361,3,false),1)="b","W",if(LEFT(VLOOKUP($B57,'Round 4'!$F$2:$H$361,3,false),1)="a","L",""))) -> L | H57: =iferror(if(LEFT(VLOOKUP($B57,'Round 5'!$B$2:$H$361,7,false),1)="A","W",if(LEFT(VLOOKUP($B57,'Round 5'!$B$2:$H$361,7,false),1)="B","L","")),if(LEFT(VLOOKUP($B57,'Round 5'!$F$2:$H$361,3,false),1)="b","W",if(LEFT(VLOOKUP($B57,'Round 5'!$F$2:$H$361,3,false),1)="a","L",""))) -> L | I57: =iferror(if(LEFT(VLOOKUP($B57,'Round 6'!$B$2:$H$361,7,false),1)="A","W",if(LEFT(VLOOKUP($B57,'Round 6'!$B$2:$H$361,7,false),1)="B","L","")),if(LEFT(VLOOKUP($B57,'Round 6'!$F$2:$H$361,3,false),1)="b","W",if(LEFT(VLOOKUP($B57,'Round 6'!$F$2:$H$361,3,false),1)="a","L",""))) -> W | J57: =iferror(iferror(if(LEFT(VLOOKUP($B57,'Round 7'!$B$2:$H$361,7,false),1)="A","W",if(LEFT(VLOOKUP($B57,'Round 7'!$B$2:$H$361,7,false),1)="B","L","")),if(LEFT(VLOOKUP($B57,'Round 7'!$F$2:$H$361,3,false),1)="b","W",if(LEFT(VLOOKUP($B57,'Round 7'!$F$2:$H$361,3,false),1)="a","L",""))),"") -> W | K57: =iferror(iferror(if(LEFT(VLOOKUP($B57,'Round 8'!$B$2:$H$361,7,false),1)="A","W",if(LEFT(VLOOKUP($B57,'Round 8'!$B$2:$H$361,7,false),1)="B","L","")),if(LEFT(VLOOKUP($B57,'Round 8'!$F$2:$H$361,3,false),1)="b","W",if(LEFT(VLOOKUP($B57,'Round 8'!$F$2:$H$361,3,false),1)="a","L",""))),"") -> W | L57: =iferror(iferror(if(LEFT(VLOOKUP($B57,'Round 9'!$B$2:$H$361,7,false),1)="A","W",if(LEFT(VLOOKUP($B57,'Round 9'!$B$2:$H$361,7,false),1)="B","L","")),if(LEFT(VLOOKUP($B57,'Round 9'!$F$2:$H$361,3,false),1)="b","W",if(LEFT(VLOOKUP($B57,'Round 9'!$F$2:$H$361,3,false),1)="a","L",""))),"") -> W | M57: =iferror(iferror(if(LEFT(VLOOKUP($B57,'Round 10'!$B$2:$H$362,7,false),1)="A","W",if(LEFT(VLOOKUP($B57,'Round 10'!$B$2:$H$362,7,false),1)="B","L","")),if(LEFT(VLOOKUP($B57,'Round 10'!$F$2:$H$362,3,false),1)="b","W",if(LEFT(VLOOKUP($B57,'Round 10'!$F$2:$H$362,3,false),1)="a","L",""))),"") | N57: 773919415153983489
A58: 57 | B58: MeEsSm | C58: =CONCATENATE(COUNTIF(D58:M58,"W") , " - " , COUNTIF(D58:M58, "L")) -> 5 - 3 | D58: =iferror(if(LEFT(VLOOKUP($B58,'Round 1'!$B$2:$H$361,7,false),1)="A","W",if(LEFT(VLOOKUP($B58,'Round 1'!$B$2:$H$361,7,false),1)="B","L","")),if(LEFT(VLOOKUP($B58,'Round 1'!$F$2:$H$361,3,false),1)="b","W",if(LEFT(VLOOKUP($B58,'Round 1'!$F$2:$H$361,3,false),1)="a","L",""))) -> W | E58: =iferror(if(LEFT(VLOOKUP($B58,'Round 2'!$C$2:$J$361,8,false),1)="A","W",if(LEFT(VLOOKUP($B58,'Round 2'!$C$2:$J$361,8,false),1)="B","L","")),if(LEFT(VLOOKUP($B58,'Round 2'!$G$2:$J$361,4,false),1)="b","W",if(LEFT(VLOOKUP($B58,'Round 2'!$G$2:$J$361,4,false),1)="a","L",""))) -> W | F58: =iferror(if(LEFT(VLOOKUP($B58,'Round 3'!$B$2:$H$361,7,false),1)="A","W",if(LEFT(VLOOKUP($B58,'Round 3'!$B$2:$H$361,7,false),1)="B","L","")),if(LEFT(VLOOKUP($B58,'Round 3'!$F$2:$H$361,3,false),1)="b","W",if(LEFT(VLOOKUP($B58,'Round 3'!$F$2:$H$361,3,false),1)="a","L",""))) -> W | G58: =iferror(if(LEFT(VLOOKUP($B58,'Round 4'!$B$2:$H$361,7,false),1)="A","W",if(LEFT(VLOOKUP($B58,'Round 4'!$B$2:$H$361,7,false),1)="B","L","")),if(LEFT(VLOOKUP($B58,'Round 4'!$F$2:$H$361,3,false),1)="b","W",if(LEFT(VLOOKUP($B58,'Round 4'!$F$2:$H$361,3,false),1)="a","L",""))) -> W | H58: =iferror(if(LEFT(VLOOKUP($B58,'Round 5'!$B$2:$H$361,7,false),1)="A","W",if(LEFT(VLOOKUP($B58,'Round 5'!$B$2:$H$361,7,false),1)="B","L","")),if(LEFT(VLOOKUP($B58,'Round 5'!$F$2:$H$361,3,false),1)="b","W",if(LEFT(VLOOKUP($B58,'Round 5'!$F$2:$H$361,3,false),1)="a","L",""))) -> L | I58: =iferror(if(LEFT(VLOOKUP($B58,'Round 6'!$B$2:$H$361,7,false),1)="A","W",if(LEFT(VLOOKUP($B58,'Round 6'!$B$2:$H$361,7,false),1)="B","L","")),if(LEFT(VLOOKUP($B58,'Round 6'!$F$2:$H$361,3,false),1)="b","W",if(LEFT(VLOOKUP($B58,'Round 6'!$F$2:$H$361,3,false),1)="a","L",""))) -> W | J58: =iferror(iferror(if(LEFT(VLOOKUP($B58,'Round 7'!$B$2:$H$361,7,false),1)="A","W",if(LEFT(VLOOKUP($B58,'Round 7'!$B$2:$H$361,7,false),1)="B","L","")),if(LEFT(VLOOKUP($B58,'Round 7'!$F$2:$H$361,3,false),1)="b","W",if(LEFT(VLOOKUP($B58,'Round 7'!$F$2:$H$361,3,false),1)="a","L",""))),"") -> L | K58: =iferror(iferror(if(LEFT(VLOOKUP($B58,'Round 8'!$B$2:$H$361,7,false),1)="A","W",if(LEFT(VLOOKUP($B58,'Round 8'!$B$2:$H$361,7,false),1)="B","L","")),if(LEFT(VLOOKUP($B58,'Round 8'!$F$2:$H$361,3,false),1)="b","W",if(LEFT(VLOOKUP($B58,'Round 8'!$F$2:$H$361,3,false),1)="a","L",""))),"") -> L | L58: =iferror(iferror(if(LEFT(VLOOKUP($B58,'Round 9'!$B$2:$H$361,7,false),1)="A","W",if(LEFT(VLOOKUP($B58,'Round 9'!$B$2:$H$361,7,false),1)="B","L","")),if(LEFT(VLOOKUP($B58,'Round 9'!$F$2:$H$361,3,false),1)="b","W",if(LEFT(VLOOKUP($B58,'Round 9'!$F$2:$H$361,3,false),1)="a","L",""))),"") | M58: =iferror(iferror(if(LEFT(VLOOKUP($B58,'Round 10'!$B$2:$H$362,7,false),1)="A","W",if(LEFT(VLOOKUP($B58,'Round 10'!$B$2:$H$362,7,false),1)="B","L","")),if(LEFT(VLOOKUP($B58,'Round 10'!$F$2:$H$362,3,false),1)="b","W",if(LEFT(VLOOKUP($B58,'Round 10'!$F$2:$H$362,3,false),1)="a","L",""))),"") | N58: 316388400540286978
A59: 58 | B59: kingofironfrisk | C59: =CONCATENATE(COUNTIF(D59:M59,"W") , " - " , COUNTIF(D59:M59, "L")) -> 4 - 3 | D59: =iferror(if(LEFT(VLOOKUP($B59,'Round 1'!$B$2:$H$361,7,false),1)="A","W",if(LEFT(VLOOKUP($B59,'Round 1'!$B$2:$H$361,7,false),1)="B","L","")),if(LEFT(VLOOKUP($B59,'Round 1'!$F$2:$H$361,3,false),1)="b","W",if(LEFT(VLOOKUP($B59,'Round 1'!$F$2:$H$361,3,false),1)="a","L",""))) -> W | E59: =iferror(if(LEFT(VLOOKUP($B59,'Round 2'!$C$2:$J$361,8,false),1)="A","W",if(LEFT(VLOOKUP($B59,'Round 2'!$C$2:$J$361,8,false),1)="B","L","")),if(LEFT(VLOOKUP($B59,'Round 2'!$G$2:$J$361,4,false),1)="b","W",if(LEFT(VLOOKUP($B59,'Round 2'!$G$2:$J$361,4,false),1)="a","L",""))) -> L | F59: =iferror(if(LEFT(VLOOKUP($B59,'Round 3'!$B$2:$H$361,7,false),1)="A","W",if(LEFT(VLOOKUP($B59,'Round 3'!$B$2:$H$361,7,false),1)="B","L","")),if(LEFT(VLOOKUP($B59,'Round 3'!$F$2:$H$361,3,false),1)="b","W",if(LEFT(VLOOKUP($B59,'Round 3'!$F$2:$H$361,3,false),1)="a","L",""))) -> W | G59: =iferror(if(LEFT(VLOOKUP($B59,'Round 4'!$B$2:$H$361,7,false),1)="A","W",if(LEFT(VLOOKUP($B59,'Round 4'!$B$2:$H$361,7,false),1)="B","L","")),if(LEFT(VLOOKUP($B59,'Round 4'!$F$2:$H$361,3,false),1)="b","W",if(LEFT(VLOOKUP($B59,'Round 4'!$F$2:$H$361,3,false),1)="a","L",""))) -> W | H59: =iferror(if(LEFT(VLOOKUP($B59,'Round 5'!$B$2:$H$361,7,false),1)="A","W",if(LEFT(VLOOKUP($B59,'Round 5'!$B$2:$H$361,7,false),1)="B","L","")),if(LEFT(VLOOKUP($B59,'Round 5'!$F$2:$H$361,3,false),1)="b","W",if(LEFT(VLOOKUP($B59,'Round 5'!$F$2:$H$361,3,false),1)="a","L",""))) -> W | I59: =iferror(if(LEFT(VLOOKUP($B59,'Round 6'!$B$2:$H$361,7,false),1)="A","W",if(LEFT(VLOOKUP($B59,'Round 6'!$B$2:$H$361,7,false),1)="B","L","")),if(LEFT(VLOOKUP($B59,'Round 6'!$F$2:$H$361,3,false),1)="b","W",if(LEFT(VLOOKUP($B59,'Round 6'!$F$2:$H$361,3,false),1)="a","L",""))) -> L | J59: =iferror(iferror(if(LEFT(VLOOKUP($B59,'Round 7'!$B$2:$H$361,7,false),1)="A","W",if(LEFT(VLOOKUP($B59,'Round 7'!$B$2:$H$361,7,false),1)="B","L","")),if(LEFT(VLOOKUP($B59,'Round 7'!$F$2:$H$361,3,false),1)="b","W",if(LEFT(VLOOKUP($B59,'Round 7'!$F$2:$H$361,3,false),1)="a","L",""))),"") -> L | K59: =iferror(iferror(if(LEFT(VLOOKUP($B59,'Round 8'!$B$2:$H$361,7,false),1)="A","W",if(LEFT(VLOOKUP($B59,'Round 8'!$B$2:$H$361,7,false),1)="B","L","")),if(LEFT(VLOOKUP($B59,'Round 8'!$F$2:$H$361,3,false),1)="b","W",if(LEFT(VLOOKUP($B59,'Round 8'!$F$2:$H$361,3,false),1)="a","L",""))),"") | L59: =iferror(iferror(if(LEFT(VLOOKUP($B59,'Round 9'!$B$2:$H$361,7,false),1)="A","W",if(LEFT(VLOOKUP($B59,'Round 9'!$B$2:$H$361,7,false),1)="B","L","")),if(LEFT(VLOOKUP($B59,'Round 9'!$F$2:$H$361,3,false),1)="b","W",if(LEFT(VLOOKUP($B59,'Round 9'!$F$2:$H$361,3,false),1)="a","L",""))),"") | M59: =iferror(iferror(if(LEFT(VLOOKUP($B59,'Round 10'!$B$2:$H$362,7,false),1)="A","W",if(LEFT(VLOOKUP($B59,'Round 10'!$B$2:$H$362,7,false),1)="B","L","")),if(LEFT(VLOOKUP($B59,'Round 10'!$F$2:$H$362,3,false),1)="b","W",if(LEFT(VLOOKUP($B59,'Round 10'!$F$2:$H$362,3,false),1)="a","L",""))),"") | N59: 232531609293684746
A60: 59 | B60: OopsAllDeoxys | C60: =CONCATENATE(COUNTIF(D60:M60,"W") , " - " , COUNTIF(D60:M60, "L")) -> 3 - 3 | D60: =iferror(if(LEFT(VLOOKUP($B60,'Round 1'!$B$2:$H$361,7,false),1)="A","W",if(LEFT(VLOOKUP($B60,'Round 1'!$B$2:$H$361,7,false),1)="B","L","")),if(LEFT(VLOOKUP($B60,'Round 1'!$F$2:$H$361,3,false),1)="b","W",if(LEFT(VLOOKUP($B60,'Round 1'!$F$2:$H$361,3,false),1)="a","L",""))) -> W | E60: =iferror(if(LEFT(VLOOKUP($B60,'Round 2'!$C$2:$J$361,8,false),1)="A","W",if(LEFT(VLOOKUP($B60,'Round 2'!$C$2:$J$361,8,false),1)="B","L","")),if(LEFT(VLOOKUP($B60,'Round 2'!$G$2:$J$361,4,false),1)="b","W",if(LEFT(VLOOKUP($B60,'Round 2'!$G$2:$J$361,4,false),1)="a","L",""))) -> W | F60: =iferror(if(LEFT(VLOOKUP($B60,'Round 3'!$B$2:$H$361,7,false),1)="A","W",if(LEFT(VLOOKUP($B60,'Round 3'!$B$2:$H$361,7,false),1)="B","L","")),if(LEFT(VLOOKUP($B60,'Round 3'!$F$2:$H$361,3,false),1)="b","W",if(LEFT(VLOOKUP($B60,'Round 3'!$F$2:$H$361,3,false),1)="a","L",""))) -> L | G60: =iferror(if(LEFT(VLOOKUP($B60,'Round 4'!$B$2:$H$361,7,false),1)="A","W",if(LEFT(VLOOKUP($B60,'Round 4'!$B$2:$H$361,7,false),1)="B","L","")),if(LEFT(VLOOKUP($B60,'Round 4'!$F$2:$H$361,3,false),1)="b","W",if(LEFT(VLOOKUP($B60,'Round 4'!$F$2:$H$361,3,false),1)="a","L",""))) -> L | H60: =iferror(if(LEFT(VLOOKUP($B60,'Round 5'!$B$2:$H$361,7,false),1)="A","W",if(LEFT(VLOOKUP($B60,'Round 5'!$B$2:$H$361,7,false),1)="B","L","")),if(LEFT(VLOOKUP($B60,'Round 5'!$F$2:$H$361,3,false),1)="b","W",if(LEFT(VLOOKUP($B60,'Round 5'!$F$2:$H$361,3,false),1)="a","L",""))) -> W | I60: =iferror(if(LEFT(VLOOKUP($B60,'Round 6'!$B$2:$H$361,7,false),1)="A","W",if(LEFT(VLOOKUP($B60,'Round 6'!$B$2:$H$361,7,false),1)="B","L","")),if(LEFT(VLOOKUP($B60,'Round 6'!$F$2:$H$361,3,false),1)="b","W",if(LEFT(VLOOKUP($B60,'Round 6'!$F$2:$H$361,3,false),1)="a","L",""))) -> L | J60: =iferror(iferror(if(LEFT(VLOOKUP($B60,'Round 7'!$B$2:$H$361,7,false),1)="A","W",if(LEFT(VLOOKUP($B60,'Round 7'!$B$2:$H$361,7,false),1)="B","L","")),if(LEFT(VLOOKUP($B60,'Round 7'!$F$2:$H$361,3,false),1)="b","W",if(LEFT(VLOOKUP($B60,'Round 7'!$F$2:$H$361,3,false),1)="a","L",""))),"") | K60: =iferror(iferror(if(LEFT(VLOOKUP($B60,'Round 8'!$B$2:$H$361,7,false),1)="A","W",if(LEFT(VLOOKUP($B60,'Round 8'!$B$2:$H$361,7,false),1)="B","L","")),if(LEFT(VLOOKUP($B60,'Round 8'!$F$2:$H$361,3,false),1)="b","W",if(LEFT(VLOOKUP($B60,'Round 8'!$F$2:$H$361,3,false),1)="a","L",""))),"") | L60: =iferror(iferror(if(LEFT(VLOOKUP($B60,'Round 9'!$B$2:$H$361,7,false),1)="A","W",if(LEFT(VLOOKUP($B60,'Round 9'!$B$2:$H$361,7,false),1)="B","L","")),if(LEFT(VLOOKUP($B60,'Round 9'!$F$2:$H$361,3,false),1)="b","W",if(LEFT(VLOOKUP($B60,'Round 9'!$F$2:$H$361,3,false),1)="a","L",""))),"") | M60: =iferror(iferror(if(LEFT(VLOOKUP($B60,'Round 10'!$B$2:$H$362,7,false),1)="A","W",if(LEFT(VLOOKUP($B60,'Round 10'!$B$2:$H$362,7,false),1)="B","L","")),if(LEFT(VLOOKUP($B60,'Round 10'!$F$2:$H$362,3,false),1)="b","W",if(LEFT(VLOOKUP($B60,'Round 10'!$F$2:$H$362,3,false),1)="a","L",""))),"") | N60: 528307805422223380
A61: 60 | B61: Exiline | C61: =CONCATENATE(COUNTIF(D61:M61,"W") , " - " , COUNTIF(D61:M61, "L")) -> 7 - 2 | D61: =iferror(if(LEFT(VLOOKUP($B61,'Round 1'!$B$2:$H$361,7,false),1)="A","W",if(LEFT(VLOOKUP($B61,'Round 1'!$B$2:$H$361,7,false),1)="B","L","")),if(LEFT(VLOOKUP($B61,'Round 1'!$F$2:$H$361,3,false),1)="b","W",if(LEFT(VLOOKUP($B61,'Round 1'!$F$2:$H$361,3,false),1)="a","L",""))) -> W | E61: =iferror(if(LEFT(VLOOKUP($B61,'Round 2'!$C$2:$J$361,8,false),1)="A","W",if(LEFT(VLOOKUP($B61,'Round 2'!$C$2:$J$361,8,false),1)="B","L","")),if(LEFT(VLOOKUP($B61,'Round 2'!$G$2:$J$361,4,false),1)="b","W",if(LEFT(VLOOKUP($B61,'Round 2'!$G$2:$J$361,4,false),1)="a","L",""))) -> W | F61: =iferror(if(LEFT(VLOOKUP($B61,'Round 3'!$B$2:$H$361,7,false),1)="A","W",if(LEFT(VLOOKUP($B61,'Round 3'!$B$2:$H$361,7,false),1)="B","L","")),if(LEFT(VLOOKUP($B61,'Round 3'!$F$2:$H$361,3,false),1)="b","W",if(LEFT(VLOOKUP($B61,'Round 3'!$F$2:$H$361,3,false),1)="a","L",""))) -> W | G61: =iferror(if(LEFT(VLOOKUP($B61,'Round 4'!$B$2:$H$361,7,false),1)="A","W",if(LEFT(VLOOKUP($B61,'Round 4'!$B$2:$H$361,7,false),1)="B","L","")),if(LEFT(VLOOKUP($B61,'Round 4'!$F$2:$H$361,3,false),1)="b","W",if(LEFT(VLOOKUP($B61,'Round 4'!$F$2:$H$361,3,false),1)="a","L",""))) -> L | H61: =iferror(if(LEFT(VLOOKUP($B61,'Round 5'!$B$2:$H$361,7,false),1)="A","W",if(LEFT(VLOOKUP($B61,'Round 5'!$B$2:$H$361,7,false),1)="B","L","")),if(LEFT(VLOOKUP($B61,'Round 5'!$F$2:$H$361,3,false),1)="b","W",if(LEFT(VLOOKUP($B61,'Round 5'!$F$2:$H$361,3,false),1)="a","L",""))) -> W | I61: =iferror(if(LEFT(VLOOKUP($B61,'Round 6'!$B$2:$H$361,7,false),1)="A","W",if(LEFT(VLOOKUP($B61,'Round 6'!$B$2:$H$361,7,false),1)="B","L","")),if(LEFT(VLOOKUP($B61,'Round 6'!$F$2:$H$361,3,false),1)="b","W",if(LEFT(VLOOKUP($B61,'Round 6'!$F$2:$H$361,3,false),1)="a","L",""))) -> W | J61: =iferror(iferror(if(LEFT(VLOOKUP($B61,'Round 7'!$B$2:$H$361,7,false),1)="A","W",if(LEFT(VLOOKUP($B61,'Round 7'!$B$2:$H$361,7,false),1)="B","L","")),if(LEFT(VLOOKUP($B61,'Round 7'!$F$2:$H$361,3,false),1)="b","W",if(LEFT(VLOOKUP($B61,'Round 7'!$F$2:$H$361,3,false),1)="a","L",""))),"") -> W | K61: =iferror(iferror(if(LEFT(VLOOKUP($B61,'Round 8'!$B$2:$H$361,7,false),1)="A","W",if(LEFT(VLOOKUP($B61,'Round 8'!$B$2:$H$361,7,false),1)="B","L","")),if(LEFT(VLOOKUP($B61,'Round 8'!$F$2:$H$361,3,false),1)="b","W",if(LEFT(VLOOKUP($B61,'Round 8'!$F$2:$H$361,3,false),1)="a","L",""))),"") -> L | L61: =iferror(iferror(if(LEFT(VLOOKUP($B61,'Round 9'!$B$2:$H$361,7,false),1)="A","W",if(LEFT(VLOOKUP($B61,'Round 9'!$B$2:$H$361,7,false),1)="B","L","")),if(LEFT(VLOOKUP($B61,'Round 9'!$F$2:$H$361,3,false),1)="b","W",if(LEFT(VLOOKUP($B61,'Round 9'!$F$2:$H$361,3,false),1)="a","L",""))),"") -> W | M61: =iferror(iferror(if(LEFT(VLOOKUP($B61,'Round 10'!$B$2:$H$362,7,false),1)="A","W",if(LEFT(VLOOKUP($B61,'Round 10'!$B$2:$H$362,7,false),1)="B","L","")),if(LEFT(VLOOKUP($B61,'Round 10'!$F$2:$H$362,3,false),1)="b","W",if(LEFT(VLOOKUP($B61,'Round 10'!$F$2:$H$362,3,false),1)="a","L",""))),"") | N61: 155646670988640258
A62: 61 | B62: Zpanther | C62: =CONCATENATE(COUNTIF(D62:M62,"W") , " - " , COUNTIF(D62:M62, "L")) -> 8 - 1 | D62: =iferror(if(LEFT(VLOOKUP($B62,'Round 1'!$B$2:$H$361,7,false),1)="A","W",if(LEFT(VLOOKUP($B62,'Round 1'!$B$2:$H$361,7,false),1)="B","L","")),if(LEFT(VLOOKUP($B62,'Round 1'!$F$2:$H$361,3,false),1)="b","W",if(LEFT(VLOOKUP($B62,'Round 1'!$F$2:$H$361,3,false),1)="a","L",""))) -> L | E62: =iferror(if(LEFT(VLOOKUP($B62,'Round 2'!$C$2:$J$361,8,false),1)="A","W",if(LEFT(VLOOKUP($B62,'Round 2'!$C$2:$J$361,8,false),1)="B","L","")),if(LEFT(VLOOKUP($B62,'Round 2'!$G$2:$J$361,4,false),1)="b","W",if(LEFT(VLOOKUP($B62,'Round 2'!$G$2:$J$361,4,false),1)="a","L",""))) -> W | F62: =iferror(if(LEFT(VLOOKUP($B62,'Round 3'!$B$2:$H$361,7,false),1)="A","W",if(LEFT(VLOOKUP($B62,'Round 3'!$B$2:$H$361,7,false),1)="B","L","")),if(LEFT(VLOOKUP($B62,'Round 3'!$F$2:$H$361,3,false),1)="b","W",if(LEFT(VLOOKUP($B62,'Round 3'!$F$2:$H$361,3,false),1)="a","L",""))) -> W | G62: =iferror(if(LEFT(VLOOKUP($B62,'Round 4'!$B$2:$H$361,7,false),1)="A","W",if(LEFT(VLOOKUP($B62,'Round 4'!$B$2:$H$361,7,false),1)="B","L","")),if(LEFT(VLOOKUP($B62,'Round 4'!$F$2:$H$361,3,false),1)="b","W",if(LEFT(VLOOKUP($B62,'Round 4'!$F$2:$H$361,3,false),1)="a","L",""))) -> W | H62: =iferror(if(LEFT(VLOOKUP($B62,'Round 5'!$B$2:$H$361,7,false),1)="A","W",if(LEFT(VLOOKUP($B62,'Round 5'!$B$2:$H$361,7,false),1)="B","L","")),if(LEFT(VLOOKUP($B62,'Round 5'!$F$2:$H$361,3,false),1)="b","W",if(LEFT(VLOOKUP($B62,'Round 5'!$F$2:$H$361,3,false),1)="a","L",""))) -> W | I62: =iferror(if(LEFT(VLOOKUP($B62,'Round 6'!$B$2:$H$361,7,false),1)="A","W",if(LEFT(VLOOKUP($B62,'Round 6'!$B$2:$H$361,7,false),1)="B","L","")),if(LEFT(VLOOKUP($B62,'Round 6'!$F$2:$H$361,3,false),1)="b","W",if(LEFT(VLOOKUP($B62,'Round 6'!$F$2:$H$361,3,false),1)="a","L",""))) -> W | J62: =iferror(iferror(if(LEFT(VLOOKUP($B62,'Round 7'!$B$2:$H$361,7,false),1)="A","W",if(LEFT(VLOOKUP($B62,'Round 7'!$B$2:$H$361,7,false),1)="B","L","")),if(LEFT(VLOOKUP($B62,'Round 7'!$F$2:$H$361,3,false),1)="b","W",if(LEFT(VLOOKUP($B62,'Round 7'!$F$2:$H$361,3,false),1)="a","L",""))),"") -> W | K62: =iferror(iferror(if(LEFT(VLOOKUP($B62,'Round 8'!$B$2:$H$361,7,false),1)="A","W",if(LEFT(VLOOKUP($B62,'Round 8'!$B$2:$H$361,7,false),1)="B","L","")),if(LEFT(VLOOKUP($B62,'Round 8'!$F$2:$H$361,3,false),1)="b","W",if(LEFT(VLOOKUP($B62,'Round 8'!$F$2:$H$361,3,false),1)="a","L",""))),"") -> W | L62: =iferror(iferror(if(LEFT(VLOOKUP($B62,'Round 9'!$B$2:$H$361,7,false),1)="A","W",if(LEFT(VLOOKUP($B62,'Round 9'!$B$2:$H$361,7,false),1)="B","L","")),if(LEFT(VLOOKUP($B62,'Round 9'!$F$2:$H$361,3,false),1)="b","W",if(LEFT(VLOOKUP($B62,'Round 9'!$F$2:$H$361,3,false),1)="a","L",""))),"") -> W | M62: =iferror(iferror(if(LEFT(VLOOKUP($B62,'Round 10'!$B$2:$H$362,7,false),1)="A","W",if(LEFT(VLOOKUP($B62,'Round 10'!$B$2:$H$362,7,false),1)="B","L","")),if(LEFT(VLOOKUP($B62,'Round 10'!$F$2:$H$362,3,false),1)="b","W",if(LEFT(VLOOKUP($B62,'Round 10'!$F$2:$H$362,3,false),1)="a","L",""))),"") | N62: 884609024937574432
A63: 62 | B63: Nicole | C63: =CONCATENATE(COUNTIF(D63:M63,"W") , " - " , COUNTIF(D63:M63, "L")) -> 5 - 3 | D63: =iferror(if(LEFT(VLOOKUP($B63,'Round 1'!$B$2:$H$361,7,false),1)="A","W",if(LEFT(VLOOKUP($B63,'Round 1'!$B$2:$H$361,7,false),1)="B","L","")),if(LEFT(VLOOKUP($B63,'Round 1'!$F$2:$H$361,3,false),1)="b","W",if(LEFT(VLOOKUP($B63,'Round 1'!$F$2:$H$361,3,false),1)="a","L",""))) -> L | E63: =iferror(if(LEFT(VLOOKUP($B63,'Round 2'!$C$2:$J$361,8,false),1)="A","W",if(LEFT(VLOOKUP($B63,'Round 2'!$C$2:$J$361,8,false),1)="B","L","")),if(LEFT(VLOOKUP($B63,'Round 2'!$G$2:$J$361,4,false),1)="b","W",if(LEFT(VLOOKUP($B63,'Round 2'!$G$2:$J$361,4,false),1)="a","L",""))) -> W | F63: =iferror(if(LEFT(VLOOKUP($B63,'Round 3'!$B$2:$H$361,7,false),1)="A","W",if(LEFT(VLOOKUP($B63,'Round 3'!$B$2:$H$361,7,false),1)="B","L","")),if(LEFT(VLOOKUP($B63,'Round 3'!$F$2:$H$361,3,false),1)="b","W",if(LEFT(VLOOKUP($B63,'Round 3'!$F$2:$H$361,3,false),1)="a","L",""))) -> W | G63: =iferror(if(LEFT(VLOOKUP($B63,'Round 4'!$B$2:$H$361,7,false),1)="A","W",if(LEFT(VLOOKUP($B63,'Round 4'!$B$2:$H$361,7,false),1)="B","L","")),if(LEFT(VLOOKUP($B63,'Round 4'!$F$2:$H$361,3,false),1)="b","W",if(LEFT(VLOOKUP($B63,'Round 4'!$F$2:$H$361,3,false),1)="a","L",""))) -> W | H63: =iferror(if(LEFT(VLOOKUP($B63,'Round 5'!$B$2:$H$361,7,false),1)="A","W",if(LEFT(VLOOKUP($B63,'Round 5'!$B$2:$H$361,7,false),1)="B","L","")),if(LEFT(VLOOKUP($B63,'Round 5'!$F$2:$H$361,3,false),1)="b","W",if(LEFT(VLOOKUP($B63,'Round 5'!$F$2:$H$361,3,false),1)="a","L",""))) -> W | I63: =iferror(if(LEFT(VLOOKUP($B63,'Round 6'!$B$2:$H$361,7,false),1)="A","W",if(LEFT(VLOOKUP($B63,'Round 6'!$B$2:$H$361,7,false),1)="B","L","")),if(LEFT(VLOOKUP($B63,'Round 6'!$F$2:$H$361,3,false),1)="b","W",if(LEFT(VLOOKUP($B63,'Round 6'!$F$2:$H$361,3,false),1)="a","L",""))) -> W | J63: =iferror(iferror(if(LEFT(VLOOKUP($B63,'Round 7'!$B$2:$H$361,7,false),1)="A","W",if(LEFT(VLOOKUP($B63,'Round 7'!$B$2:$H$361,7,false),1)="B","L","")),if(LEFT(VLOOKUP($B63,'Round 7'!$F$2:$H$361,3,false),1)="b","W",if(LEFT(VLOOKUP($B63,'Round 7'!$F$2:$H$361,3,false),1)="a","L",""))),"") -> L | K63: =iferror(iferror(if(LEFT(VLOOKUP($B63,'Round 8'!$B$2:$H$361,7,false),1)="A","W",if(LEFT(VLOOKUP($B63,'Round 8'!$B$2:$H$361,7,false),1)="B","L","")),if(LEFT(VLOOKUP($B63,'Round 8'!$F$2:$H$361,3,false),1)="b","W",if(LEFT(VLOOKUP($B63,'Round 8'!$F$2:$H$361,3,false),1)="a","L",""))),"") -> L | L63: =iferror(iferror(if(LEFT(VLOOKUP($B63,'Round 9'!$B$2:$H$361,7,false),1)="A","W",if(LEFT(VLOOKUP($B63,'Round 9'!$B$2:$H$361,7,false),1)="B","L","")),if(LEFT(VLOOKUP($B63,'Round 9'!$F$2:$H$361,3,false),1)="b","W",if(LEFT(VLOOKUP($B63,'Round 9'!$F$2:$H$361,3,false),1)="a","L",""))),"") | M63: =iferror(iferror(if(LEFT(VLOOKUP($B63,'Round 10'!$B$2:$H$362,7,false),1)="A","W",if(LEFT(VLOOKUP($B63,'Round 10'!$B$2:$H$362,7,false),1)="B","L","")),if(LEFT(VLOOKUP($B63,'Round 10'!$F$2:$H$362,3,false),1)="b","W",if(LEFT(VLOOKUP($B63,'Round 10'!$F$2:$H$362,3,false),1)="a","L",""))),"") | N63: 372784289420410882
